GO.ID,Term,Annotated,Significant,Expected,Fisher,fdr
GO:0005198,structural molecule activity,929,135,82.04,6.3e-09,8.2656e-06
GO:0019205,nucleobase-containing compound kinase ac...,46,13,4.06,1.2e-05,0.007872
GO:0003723,RNA binding,1373,167,121.24,7.1e-05,0.0310506666666667
GO:0016853,isomerase activity,373,50,32.94,0.00023,0.060352
GO:0045431,flavonol synthase activity,11,6,0.97,0.00023,0.060352
GO:0016817,hydrolase activity, acting on acid anhyd...,1709,157,150.91,0.00067,0.138697142857143
GO:0016741,transferase activity, transferring one-c...,468,56,41.33,0.00074,0.138697142857143
GO:0016210,naringenin-chalcone synthase activity,8,4,0.71,0.00123,0.20172
GO:0051082,unfolded protein binding,210,32,18.54,0.00143,0.208462222222222
GO:0022891,substrate-specific transmembrane transpo...,1430,105,126.28,0.00361,0.473632
GO:0016835,carbon-oxygen lyase activity,278,35,24.55,0.00472,0.562967272727273
GO:0004177,aminopeptidase activity,44,8,3.89,0.00647,0.707386666666667
GO:0052689,carboxylic ester hydrolase activity,332,29,29.32,0.00765,0.772061538461538
GO:0008430,selenium binding,16,5,1.41,0.01033,0.843132631578947
GO:0031072,heat shock protein binding,203,28,17.93,0.01102,0.843132631578947
GO:0003697,single-stranded DNA binding,46,9,4.06,0.01148,0.843132631578947
GO:0004499,N,N-dimethylaniline monooxygenase activi...,39,7,3.44,0.01168,0.843132631578947
GO:0019206,nucleoside kinase activity,12,7,1.06,0.01192,0.843132631578947
GO:0003676,nucleic acid binding,6680,627,589.88,0.01221,0.843132631578947
GO:0043565,sequence-specific DNA binding,876,89,77.36,0.01468,0.955885714285714
GO:0008026,ATP-dependent helicase activity,212,29,18.72,0.01530,0.955885714285714
GO:0051087,chaperone binding,31,7,2.74,0.01609,0.959549090909091
GO:0004702,receptor signaling protein serine/threon...,66,10,5.83,0.01697,0.968027826086956
GO:0004791,thioredoxin-disulfide reductase activity,9,3,0.79,0.01951,1
GO:0005057,receptor signaling protein activity,66,10,5.83,0.01976,1
GO:0030515,snoRNA binding,14,5,1.24,0.02005,1
GO:0016671,oxidoreductase activity, acting on a sul...,34,7,3,0.02127,1
GO:0015095,magnesium ion transmembrane transporter ...,16,4,1.41,0.02317,1
GO:0016776,phosphotransferase activity, phosphate g...,32,6,2.83,0.02513,1
GO:0015399,primary active transmembrane transporter...,489,37,43.18,0.02514,1
GO:0050661,NADP binding,78,13,6.89,0.02525,1
GO:0009922,fatty acid elongase activity,13,4,1.15,0.02589,1
GO:0004386,helicase activity,307,38,27.11,0.02605,1
GO:0016273,arginine N-methyltransferase activity,12,4,1.06,0.03318,1
GO:0003942,N-acetyl-gamma-glutamyl-phosphate reduct...,5,2,0.44,0.03342,1
GO:0004335,galactokinase activity,11,3,0.97,0.03594,1
GO:0047958,glycine:2-oxoglutarate aminotransferase ...,6,2,0.53,0.03992,1
GO:0016706,oxidoreductase activity, acting on paire...,251,26,22.16,0.04129,1
GO:0004723,calcium-dependent protein serine/threoni...,20,4,1.77,0.04641,1
GO:0016861,intramolecular oxidoreductase activity, ...,25,8,2.21,0.04762,1
GO:0046872,metal ion binding,4821,425,425.72,0.04912,1
GO:0004176,ATP-dependent peptidase activity,42,7,3.71,0.05544,1
GO:0030572,phosphatidyltransferase activity,7,2,0.62,0.05556,1
GO:0004014,adenosylmethionine decarboxylase activit...,11,3,0.97,0.05616,1
GO:0042625,ATPase coupled ion transmembrane transpo...,204,18,18.01,0.05681,1
GO:0004345,glucose-6-phosphate dehydrogenase activi...,11,3,0.97,0.05692,1
GO:0010857,calcium-dependent protein kinase activit...,6,2,0.53,0.05843,1
GO:0004751,ribose-5-phosphate isomerase activity,6,4,0.53,0.05929,1
GO:0015174,basic amino acid transmembrane transport...,10,2,0.88,0.06035,1
GO:0022892,substrate-specific transporter activity,1659,117,146.5,0.06064,1
GO:0048038,quinone binding,24,5,2.12,0.06107,1
GO:0051499,D-aminoacyl-tRNA deacylase activity,5,2,0.44,0.06250,1
GO:0009931,calcium-dependent protein serine/threoni...,6,2,0.53,0.06382,1
GO:0019200,carbohydrate kinase activity,82,10,7.24,0.06846,1
GO:0015450,P-P-bond-hydrolysis-driven protein trans...,96,11,8.48,0.07056,1
GO:0003916,DNA topoisomerase activity,23,6,2.03,0.07116,1
GO:0005310,dicarboxylic acid transmembrane transpor...,19,3,1.68,0.07143,1
GO:0016860,intramolecular oxidoreductase activity,85,16,7.51,0.07157,1
GO:0004420,hydroxymethylglutaryl-CoA reductase (NAD...,12,3,1.06,0.07163,1
GO:0042282,hydroxymethylglutaryl-CoA reductase acti...,12,3,1.06,0.07163,1
GO:0042802,identical protein binding,259,30,22.87,0.07164,1
GO:0097599,xylanase activity,17,3,1.5,0.07631,1
GO:0005507,copper ion binding,454,48,40.09,0.07657,1
GO:0080030,methyl indole-3-acetate esterase activit...,12,3,1.06,0.07710,1
GO:0080031,methyl salicylate esterase activity,12,3,1.06,0.07710,1
GO:0000149,SNARE binding,12,3,1.06,0.08206,1
GO:0008170,N-methyltransferase activity,61,11,5.39,0.08421,1
GO:0000339,RNA cap binding,9,3,0.79,0.08539,1
GO:0016840,carbon-nitrogen lyase activity,52,8,4.59,0.08585,1
GO:0004784,superoxide dismutase activity,17,3,1.5,0.08667,1
GO:0003735,structural constituent of ribosome,675,105,59.61,0.08865,1
GO:0016530,metallochaperone activity,6,2,0.53,0.09202,1
GO:0042285,xylosyltransferase activity,18,3,1.59,0.09245,1
GO:0008276,protein methyltransferase activity,62,11,5.47,0.09293,1
GO:0072341,modified amino acid binding,20,4,1.77,0.09488,1
GO:0004311,farnesyltranstransferase activity,18,3,1.59,0.09750,1
GO:0016810,hydrolase activity, acting on carbon-nit...,141,15,12.45,0.09826,1
GO:0003993,acid phosphatase activity,88,9,7.77,0.10268,1
GO:0050662,coenzyme binding,537,55,47.42,0.10516,1
GO:0004616,phosphogluconate dehydrogenase (decarbox...,14,3,1.24,0.10563,1
GO:0016984,ribulose-bisphosphate carboxylase activi...,14,3,1.24,0.10567,1
GO:0047635,alanine-oxo-acid transaminase activity,10,2,0.88,0.10710,1
GO:0022833,mechanically gated channel activity,8,2,0.71,0.10938,1
GO:0045430,chalcone isomerase activity,6,2,0.53,0.11029,1
GO:0004129,cytochrome-c oxidase activity,25,4,2.21,0.11226,1
GO:0008113,peptide-methionine (S)-S-oxide reductase...,15,5,1.32,0.11433,1
GO:1901265,nucleoside phosphate binding,6099,559,538.58,0.11576,1
GO:0043531,ADP binding,417,42,36.82,0.11621,1
GO:0008320,protein transmembrane transporter activi...,114,11,10.07,0.11970,1
GO:0015079,potassium ion transmembrane transporter ...,80,10,7.06,0.12009,1
GO:0005483,soluble NSF attachment protein activity,7,2,0.62,0.12082,1
GO:0003883,CTP synthase activity,9,2,0.79,0.12364,1
GO:0016531,copper chaperone activity,6,2,0.53,0.12464,1
GO:0022853,active ion transmembrane transporter act...,214,19,18.9,0.12627,1
GO:0016274,protein-arginine N-methyltransferase act...,12,4,1.06,0.12627,1
GO:0005261,cation channel activity,45,6,3.97,0.12672,1
GO:0046983,protein dimerization activity,622,63,54.93,0.12785,1
GO:0016836,hydro-lyase activity,146,22,12.89,0.12919,1
GO:0003917,DNA topoisomerase type I activity,9,4,0.79,0.13189,1
GO:0015103,inorganic anion transmembrane transporte...,132,11,11.66,0.13406,1
GO:0046912,transferase activity, transferring acyl ...,37,5,3.27,0.13448,1
GO:0016781,phosphotransferase activity, paired acce...,9,2,0.79,0.13484,1
GO:0016725,oxidoreductase activity, acting on CH or...,16,3,1.41,0.13708,1
GO:0019829,cation-transporting ATPase activity,157,16,13.86,0.13716,1
GO:0004549,tRNA-specific ribonuclease activity,14,2,1.24,0.13724,1
GO:0005402,cation:sugar symporter activity,178,12,15.72,0.13784,1
GO:0008171,O-methyltransferase activity,74,12,6.53,0.13917,1
GO:0008381,mechanically-gated ion channel activity,8,2,0.71,0.13951,1
GO:0000234,phosphoethanolamine N-methyltransferase ...,6,2,0.53,0.13952,1
GO:0016675,oxidoreductase activity, acting on a hem...,25,4,2.21,0.14222,1
GO:0015002,heme-copper terminal oxidase activity,25,4,2.21,0.14222,1
GO:0030785,[ribulose-bisphosphate carboxylase]-lysi...,6,2,0.53,0.14243,1
GO:0016629,12-oxophytodienoate reductase activity,5,1,0.44,0.14706,1
GO:0080032,methyl jasmonate esterase activity,8,2,0.71,0.14844,1
GO:0008169,C-methyltransferase activity,6,2,0.53,0.15071,1
GO:0019136,deoxynucleoside kinase activity,8,6,0.71,0.15152,1
GO:0036094,small molecule binding,6187,568,546.35,0.15208,1
GO:0070704,sterol desaturase activity,9,2,0.79,0.15232,1
GO:0042623,ATPase activity, coupled,690,67,60.93,0.15244,1
GO:0001076,transcription factor activity, RNA polym...,19,4,1.68,0.15279,1
GO:0001104,RNA polymerase II transcription cofactor...,19,4,1.68,0.15279,1
GO:0031406,carboxylic acid binding,114,12,10.07,0.15395,1
GO:0016634,oxidoreductase activity, acting on the C...,21,3,1.85,0.15612,1
GO:0016762,xyloglucan:xyloglucosyl transferase acti...,46,6,4.06,0.15637,1
GO:0016721,oxidoreductase activity, acting on super...,17,3,1.5,0.15695,1
GO:0004175,endopeptidase activity,560,49,49.45,0.15828,1
GO:0061134,peptidase regulator activity,92,12,8.12,0.15843,1
GO:0016892,endoribonuclease activity, producing 3'-...,15,2,1.32,0.15849,1
GO:0004144,diacylglycerol O-acyltransferase activit...,29,4,2.56,0.15941,1
GO:0008237,metallopeptidase activity,135,14,11.92,0.16031,1
GO:0060590,ATPase regulator activity,12,2,1.06,0.16256,1
GO:0000104,succinate dehydrogenase activity,11,2,0.97,0.16703,1
GO:0004709,MAP kinase kinase kinase activity,10,3,0.88,0.16917,1
GO:0004312,fatty acid synthase activity,42,5,3.71,0.16928,1
GO:0016894,endonuclease activity, active with eithe...,15,2,1.32,0.17063,1
GO:0015293,symporter activity,227,13,20.05,0.17221,1
GO:0004067,asparaginase activity,7,2,0.62,0.17561,1
GO:0003899,DNA-directed RNA polymerase activity,117,11,10.33,0.17820,1
GO:0008235,metalloexopeptidase activity,27,4,2.38,0.17905,1
GO:0046556,alpha-L-arabinofuranosidase activity,13,2,1.15,0.18155,1
GO:0016829,lyase activity,629,57,55.54,0.18205,1
GO:0008195,phosphatidate phosphatase activity,12,2,1.06,0.18237,1
GO:0016884,carbon-nitrogen ligase activity, with gl...,33,4,2.91,0.18428,1
GO:0015295,solute:proton symporter activity,178,12,15.72,0.18572,1
GO:0008265,Mo-molybdopterin cofactor sulfurase acti...,10,2,0.88,0.18872,1
GO:0016831,carboxy-lyase activity,150,13,13.25,0.18974,1
GO:0008453,alanine-glyoxylate transaminase activity,14,2,1.24,0.19337,1
GO:0033293,monocarboxylic acid binding,15,3,1.32,0.19411,1
GO:0015520,tetracycline:proton antiporter activity,7,1,0.62,0.19444,1
GO:0051540,metal cluster binding,113,13,9.98,0.19995,1
GO:0070035,purine NTP-dependent helicase activity,212,29,18.72,0.20012,1
GO:0004674,protein serine/threonine kinase activity,1470,106,129.81,0.20271,1
GO:0004857,enzyme inhibitor activity,286,31,25.26,0.20284,1
GO:0050284,sinapate 1-glucosyltransferase activity,9,2,0.79,0.20324,1
GO:0019207,kinase regulator activity,87,11,7.68,0.20378,1
GO:0016866,intramolecular transferase activity,84,14,7.42,0.20519,1
GO:0015924,mannosyl-oligosaccharide mannosidase act...,8,2,0.71,0.20588,1
GO:0016161,beta-amylase activity,17,3,1.5,0.20757,1
GO:0022884,macromolecule transmembrane transporter ...,114,11,10.07,0.20774,1
GO:0004722,protein serine/threonine phosphatase act...,289,21,25.52,0.20822,1
GO:0004022,alcohol dehydrogenase (NAD) activity,19,3,1.68,0.21144,1
GO:0004747,ribokinase activity,23,3,2.03,0.21170,1
GO:0009927,histidine phosphotransfer kinase activit...,12,2,1.06,0.21228,1
GO:0015307,drug:proton antiporter activity,7,1,0.62,0.21686,1
GO:0047714,galactolipase activity,12,2,1.06,0.22182,1
GO:0042578,phosphoric ester hydrolase activity,653,41,57.66,0.22583,1
GO:0005086,ARF guanyl-nucleotide exchange factor ac...,15,2,1.32,0.22664,1
GO:0035251,UDP-glucosyltransferase activity,223,21,19.69,0.22678,1
GO:0051213,dioxygenase activity,308,29,27.2,0.22843,1
GO:0004801,sedoheptulose-7-phosphate:D-glyceraldehy...,6,1,0.53,0.23077,1
GO:0005337,nucleoside transmembrane transporter act...,45,2,3.97,0.23142,1
GO:1901681,sulfur compound binding,28,4,2.47,0.23275,1
GO:0019787,ubiquitin-like protein transferase activ...,501,44,44.24,0.23303,1
GO:0004738,pyruvate dehydrogenase activity,15,2,1.32,0.23401,1
GO:0016160,amylase activity,28,3,2.47,0.23430,1
GO:0000988,transcription factor activity, protein b...,97,11,8.57,0.23609,1
GO:0030599,pectinesterase activity,191,19,16.87,0.23911,1
GO:0008083,growth factor activity,11,1,0.97,0.23913,1
GO:0008079,translation termination factor activity,19,3,1.68,0.24231,1
GO:0022890,inorganic cation transmembrane transport...,519,44,45.83,0.24646,1
GO:0042887,amide transmembrane transporter activity,13,2,1.15,0.24648,1
GO:0017171,serine hydrolase activity,292,25,25.79,0.25163,1
GO:0044389,ubiquitin-like protein ligase binding,21,3,1.85,0.25201,1
GO:0032561,guanyl ribonucleotide binding,440,41,38.85,0.25213,1
GO:0008233,peptidase activity,1189,94,105,0.25246,1
GO:0008324,cation transmembrane transporter activit...,771,61,68.08,0.25339,1
GO:0005525,GTP binding,440,41,38.85,0.25575,1
GO:0031957,very long-chain fatty acid-CoA ligase ac...,5,1,0.44,0.26316,1
GO:0000213,tRNA-intron endonuclease activity,10,2,0.88,0.26316,1
GO:0030414,peptidase inhibitor activity,92,12,8.12,0.26331,1
GO:0003682,chromatin binding,69,7,6.09,0.26455,1
GO:0003933,GTP cyclohydrolase activity,8,2,0.71,0.26667,1
GO:0005313,L-glutamate transmembrane transporter ac...,7,1,0.62,0.26761,1
GO:0003867,4-aminobutyrate transaminase activity,5,1,0.44,0.26851,1
GO:0004448,isocitrate dehydrogenase activity,12,2,1.06,0.27100,1
GO:0000247,C-8 sterol isomerase activity,6,2,0.53,0.27206,1
GO:0005254,chloride channel activity,9,1,0.79,0.27273,1
GO:0015923,mannosidase activity,17,2,1.5,0.27318,1
GO:0004888,transmembrane signaling receptor activit...,472,38,41.68,0.27423,1
GO:0044769,ATPase activity, coupled to transmembran...,83,9,7.33,0.27487,1
GO:0050308,sugar-phosphatase activity,27,2,2.38,0.27529,1
GO:0046527,glucosyltransferase activity,254,23,22.43,0.27786,1
GO:0016247,channel regulator activity,11,2,0.97,0.27993,1
GO:0004810,tRNA adenylyltransferase activity,5,1,0.44,0.28116,1
GO:0046933,proton-transporting ATP synthase activit...,52,6,4.59,0.28191,1
GO:0022803,passive transmembrane transporter activi...,209,16,18.46,0.28461,1
GO:0004143,diacylglycerol kinase activity,26,3,2.3,0.28694,1
GO:0016783,sulfurtransferase activity,16,2,1.41,0.29415,1
GO:0008883,glutamyl-tRNA reductase activity,5,1,0.44,0.29466,1
GO:0019001,guanyl nucleotide binding,448,41,39.56,0.29522,1
GO:0004197,cysteine-type endopeptidase activity,85,8,7.51,0.29679,1
GO:0016778,diphosphotransferase activity,15,2,1.32,0.29813,1
GO:0035173,histone kinase activity,5,1,0.44,0.29937,1
GO:0000215,tRNA 2'-phosphotransferase activity,5,1,0.44,0.30143,1
GO:0015205,nucleobase transmembrane transporter act...,38,4,3.36,0.30306,1
GO:0016538,cyclin-dependent protein serine/threonin...,68,10,6,0.30353,1
GO:0045551,cinnamyl-alcohol dehydrogenase activity,13,2,1.15,0.30428,1
GO:0004075,biotin carboxylase activity,5,1,0.44,0.30549,1
GO:0004048,anthranilate phosphoribosyltransferase a...,5,1,0.44,0.30600,1
GO:0004831,tyrosine-tRNA ligase activity,6,1,0.53,0.30788,1
GO:0004824,lysine-tRNA ligase activity,6,1,0.53,0.30788,1
GO:0004826,phenylalanine-tRNA ligase activity,6,1,0.53,0.30788,1
GO:0004819,glutamine-tRNA ligase activity,6,1,0.53,0.30788,1
GO:0016278,lysine N-methyltransferase activity,33,5,2.91,0.31089,1
GO:0004029,aldehyde dehydrogenase (NAD) activity,17,2,1.5,0.31124,1
GO:0017118,lipoyltransferase activity,5,1,0.44,0.31162,1
GO:0004594,pantothenate kinase activity,5,1,0.44,0.31193,1
GO:0015562,efflux transmembrane transporter activit...,30,3,2.65,0.31223,1
GO:0015929,hexosaminidase activity,6,1,0.53,0.31236,1
GO:0035174,histone serine kinase activity,5,1,0.44,0.31253,1
GO:0046961,proton-transporting ATPase activity, rot...,69,7,6.09,0.31363,1
GO:0008194,UDP-glycosyltransferase activity,458,38,40.44,0.31547,1
GO:0016454,C-palmitoyltransferase activity,6,1,0.53,0.31579,1
GO:0016758,transferase activity, transferring hexos...,707,57,62.43,0.31670,1
GO:0008686,3,4-dihydroxy-2-butanone-4-phosphate syn...,5,1,0.44,0.31693,1
GO:0016759,cellulose synthase activity,83,9,7.33,0.31726,1
GO:0098772,molecular function regulator,549,52,48.48,0.31804,1
GO:0003777,microtubule motor activity,140,10,12.36,0.32152,1
GO:0030276,clathrin binding,53,6,4.68,0.32259,1
GO:0005484,SNAP receptor activity,53,6,4.68,0.32259,1
GO:0008825,cyclopropane-fatty-acyl-phospholipid syn...,10,2,0.88,0.32323,1
GO:0009044,xylan 1,4-beta-xylosidase activity,12,3,1.06,0.32353,1
GO:0004337,geranyltranstransferase activity,5,1,0.44,0.32474,1
GO:0015112,nitrate transmembrane transporter activi...,35,4,3.09,0.32509,1
GO:1900750,oligopeptide binding,13,2,1.15,0.32588,1
GO:0042803,protein homodimerization activity,118,14,10.42,0.32786,1
GO:0016667,oxidoreductase activity, acting on a sul...,372,33,32.85,0.32941,1
GO:0008134,transcription factor binding,33,4,2.91,0.33034,1
GO:0004028,3-chloroallyl aldehyde dehydrogenase act...,31,3,2.74,0.33072,1
GO:0003995,acyl-CoA dehydrogenase activity,17,2,1.5,0.33216,1
GO:0031491,nucleosome binding,5,1,0.44,0.33299,1
GO:0080066,3-methylthiopropyl-desulfoglucosinolate ...,5,1,0.44,0.33333,1
GO:0080067,4-methylthiobutyl-desulfoglucosinolate s...,5,1,0.44,0.33333,1
GO:0080068,5-methylthiopentyl-desulfoglucosinolate ...,5,1,0.44,0.33333,1
GO:0080069,7-methylthioheptyl-desulfoglucosinolate ...,5,1,0.44,0.33333,1
GO:0080070,8-methylthiooctyl-desulfoglucosinolate s...,5,1,0.44,0.33333,1
GO:0080071,indol-3-yl-methyl-desulfoglucosinolate s...,5,1,0.44,0.33333,1
GO:0008373,sialyltransferase activity,5,1,0.44,0.33333,1
GO:0008665,2'-phosphotransferase activity,5,1,0.44,0.33585,1
GO:0016717,oxidoreductase activity, acting on paire...,49,5,4.33,0.33684,1
GO:0008236,serine-type peptidase activity,292,25,25.79,0.33920,1
GO:0008080,N-acetyltransferase activity,85,6,7.51,0.34029,1
GO:0033218,amide binding,54,6,4.77,0.34419,1
GO:0030410,nicotianamine synthase activity,5,1,0.44,0.34479,1
GO:0003962,cystathionine gamma-synthase activity,5,1,0.44,0.34479,1
GO:0005247,voltage-gated chloride channel activity,9,1,0.79,0.34615,1
GO:0005267,potassium channel activity,33,5,2.91,0.34800,1
GO:0004739,pyruvate dehydrogenase (acetyl-transferr...,15,2,1.32,0.35000,1
GO:0003954,NADH dehydrogenase activity,49,5,4.33,0.35007,1
GO:0004829,threonine-tRNA ligase activity,7,1,0.62,0.35015,1
GO:0080043,quercetin 3-O-glucosyltransferase activi...,32,4,2.83,0.35385,1
GO:0004362,glutathione-disulfide reductase activity,6,1,0.53,0.35394,1
GO:0015928,fucosidase activity,7,1,0.62,0.35421,1
GO:0016979,lipoate-protein ligase activity,6,1,0.53,0.35490,1
GO:0016791,phosphatase activity,534,35,47.16,0.35506,1
GO:0016168,chlorophyll binding,46,4,4.06,0.35507,1
GO:0005216,ion channel activity,153,13,13.51,0.35524,1
GO:0016668,oxidoreductase activity, acting on a sul...,187,17,16.51,0.35536,1
GO:0004252,serine-type endopeptidase activity,181,17,15.98,0.35647,1
GO:0097472,cyclin-dependent protein kinase activity,71,6,6.27,0.36008,1
GO:0003924,GTPase activity,197,20,17.4,0.36052,1
GO:0017111,nucleoside-triphosphatase activity,1621,150,143.14,0.36055,1
GO:0016420,malonyltransferase activity,6,1,0.53,0.36152,1
GO:0016409,palmitoyltransferase activity,6,1,0.53,0.36152,1
GO:0009982,pseudouridine synthase activity,24,5,2.12,0.36279,1
GO:0016880,acid-ammonia (or amide) ligase activity,18,2,1.59,0.36312,1
GO:0016710,trans-cinnamate 4-monooxygenase activity,5,1,0.44,0.36407,1
GO:0043621,protein self-association,5,1,0.44,0.36931,1
GO:0008970,phosphatidylcholine 1-acylhydrolase acti...,16,2,1.41,0.36981,1
GO:0009973,adenylyl-sulfate reductase activity,5,1,0.44,0.37319,1
GO:0044822,poly(A) RNA binding,33,5,2.91,0.37349,1
GO:0005315,inorganic phosphate transmembrane transp...,28,2,2.47,0.37532,1
GO:0015386,potassium:proton antiporter activity,15,1,1.32,0.37559,1
GO:0048037,cofactor binding,859,79,75.85,0.37894,1
GO:0016682,oxidoreductase activity, acting on diphe...,23,3,2.03,0.37974,1
GO:0005545,1-phosphatidylinositol binding,23,2,2.03,0.38002,1
GO:0004654,polyribonucleotide nucleotidyltransferas...,6,1,0.53,0.38181,1
GO:0050072,m7G(5')pppN diphosphatase activity,5,1,0.44,0.38224,1
GO:0016760,cellulose synthase (UDP-forming) activit...,63,7,5.56,0.38269,1
GO:0042562,hormone binding,25,3,2.21,0.38382,1
GO:0030234,enzyme regulator activity,494,48,43.62,0.38397,1
GO:0008796,bis(5'-nucleosyl)-tetraphosphatase activ...,5,1,0.44,0.38462,1
GO:0004794,L-threonine ammonia-lyase activity,5,1,0.44,0.38462,1
GO:0015075,ion transmembrane transporter activity,1051,79,92.81,0.38555,1
GO:0042895,antibiotic transporter activity,12,1,1.06,0.38630,1
GO:0016491,oxidoreductase activity,2703,221,238.69,0.38638,1
GO:0004839,ubiquitin activating enzyme activity,6,1,0.53,0.38889,1
GO:0004815,aspartate-tRNA ligase activity,8,1,0.71,0.39014,1
GO:0004816,asparagine-tRNA ligase activity,8,1,0.71,0.39014,1
GO:0004683,calmodulin-dependent protein kinase acti...,70,6,6.18,0.39249,1
GO:0016157,sucrose synthase activity,5,1,0.44,0.39301,1
GO:0004416,hydroxyacylglutathione hydrolase activit...,7,1,0.62,0.39516,1
GO:0016879,ligase activity, forming carbon-nitrogen...,258,18,22.78,0.39544,1
GO:0016412,serine O-acyltransferase activity,6,1,0.53,0.39594,1
GO:0009884,cytokinin receptor activity,6,1,0.53,0.39735,1
GO:0015077,monovalent inorganic cation transmembran...,362,32,31.97,0.39749,1
GO:0015114,phosphate ion transmembrane transporter ...,27,3,2.38,0.39820,1
GO:0010242,oxygen evolving activity,6,1,0.53,0.40087,1
GO:0016730,oxidoreductase activity, acting on iron-...,6,1,0.53,0.40087,1
GO:0080132,fatty acid alpha-hydroxylase activity,6,1,0.53,0.40087,1
GO:0016207,4-coumarate-CoA ligase activity,32,3,2.83,0.40191,1
GO:0019202,amino acid kinase activity,19,2,1.68,0.40450,1
GO:0003918,DNA topoisomerase type II (ATP-hydrolyzi...,17,2,1.5,0.40460,1
GO:0004693,cyclin-dependent protein serine/threonin...,71,6,6.27,0.40594,1
GO:0004842,ubiquitin-protein transferase activity,479,43,42.3,0.40713,1
GO:0010427,abscisic acid binding,10,2,0.88,0.40722,1
GO:0035004,phosphatidylinositol 3-kinase activity,7,1,0.62,0.40915,1
GO:0005543,phospholipid binding,192,10,16.95,0.40943,1
GO:0008270,zinc ion binding,2835,248,250.35,0.41152,1
GO:0016802,trialkylsulfonium hydrolase activity,7,1,0.62,0.41176,1
GO:0016779,nucleotidyltransferase activity,366,28,32.32,0.41278,1
GO:0005384,manganese ion transmembrane transporter ...,17,1,1.5,0.41400,1
GO:0048040,UDP-glucuronate decarboxylase activity,16,2,1.41,0.41566,1
GO:0004367,glycerol-3-phosphate dehydrogenase [NAD+...,6,1,0.53,0.41572,1
GO:0016614,oxidoreductase activity, acting on CH-OH...,350,30,30.91,0.41857,1
GO:0016647,oxidoreductase activity, acting on the C...,8,1,0.71,0.42141,1
GO:0004602,glutathione peroxidase activity,12,1,1.06,0.42270,1
GO:0005488,binding,21526,1907,1900.87,0.42296,1
GO:0003964,RNA-directed DNA polymerase activity,51,4,4.5,0.42333,1
GO:0004449,isocitrate dehydrogenase (NAD+) activity,8,2,0.71,0.42424,1
GO:0050486,intramolecular transferase activity, tra...,14,3,1.24,0.42468,1
GO:0034212,peptide N-acetyltransferase activity,33,3,2.91,0.43051,1
GO:0004713,protein tyrosine kinase activity,35,3,3.09,0.43515,1
GO:0008327,methyl-CpG binding,26,3,2.3,0.43837,1
GO:0004396,hexokinase activity,8,1,0.71,0.43846,1
GO:0016899,oxidoreductase activity, acting on the C...,28,3,2.47,0.43847,1
GO:0051287,NAD binding,89,9,7.86,0.43971,1
GO:0004527,exonuclease activity,79,5,6.98,0.44275,1
GO:0016635,oxidoreductase activity, acting on the C...,8,1,0.71,0.44589,1
GO:0004645,phosphorylase activity,7,1,0.62,0.44624,1
GO:0005034,osmosensor activity,7,1,0.62,0.44649,1
GO:0000049,tRNA binding,20,3,1.77,0.44663,1
GO:0003999,adenine phosphoribosyltransferase activi...,8,1,0.71,0.45009,1
GO:0016679,oxidoreductase activity, acting on diphe...,42,4,3.71,0.45367,1
GO:0016303,1-phosphatidylinositol-3-kinase activity,5,1,0.44,0.45455,1
GO:0004352,glutamate dehydrogenase (NAD+) activity,5,1,0.44,0.45455,1
GO:0033764,steroid dehydrogenase activity, acting o...,7,1,0.62,0.45616,1
GO:0004733,pyridoxamine-phosphate oxidase activity,10,1,0.88,0.45777,1
GO:0008864,formyltetrahydrofolate deformylase activ...,5,1,0.44,0.45841,1
GO:0004488,methylenetetrahydrofolate dehydrogenase ...,7,1,0.62,0.45869,1
GO:0016639,oxidoreductase activity, acting on the C...,11,1,0.97,0.45961,1
GO:0019842,vitamin binding,59,6,5.21,0.46042,1
GO:0022838,substrate-specific channel activity,208,16,18.37,0.46118,1
GO:0004664,prephenate dehydratase activity,10,2,0.88,0.46284,1
GO:0047769,arogenate dehydratase activity,10,2,0.88,0.46284,1
GO:0070001,aspartic-type peptidase activity,157,13,13.86,0.46394,1
GO:0004605,phosphatidate cytidylyltransferase activ...,13,1,1.15,0.46429,1
GO:0008477,purine nucleosidase activity,9,1,0.79,0.46524,1
GO:0008238,exopeptidase activity,132,11,11.66,0.46552,1
GO:0008447,L-ascorbate oxidase activity,11,2,0.97,0.46584,1
GO:0010385,double-stranded methylated DNA binding,7,1,0.62,0.46626,1
GO:0042300,beta-amyrin synthase activity,7,1,0.62,0.46667,1
GO:0008905,mannose-phosphate guanylyltransferase ac...,7,1,0.62,0.46667,1
GO:0050897,cobalt ion binding,97,9,8.57,0.46687,1
GO:0016709,oxidoreductase activity, acting on paire...,106,9,9.36,0.46728,1
GO:0015211,purine nucleoside transmembrane transpor...,31,2,2.74,0.46970,1
GO:0009374,biotin binding,5,1,0.44,0.47065,1
GO:0036440,citrate synthase activity,11,2,0.97,0.47182,1
GO:0000062,fatty-acyl-CoA binding,15,2,1.32,0.47239,1
GO:0030674,protein binding, bridging,7,1,0.62,0.47555,1
GO:0004737,pyruvate decarboxylase activity,7,1,0.62,0.47706,1
GO:0072328,alkene binding,7,1,0.62,0.47766,1
GO:0060090,binding, bridging,7,1,0.62,0.47766,1
GO:0017048,Rho GTPase binding,6,1,0.53,0.47790,1
GO:0043021,ribonucleoprotein complex binding,19,2,1.68,0.47808,1
GO:0034062,RNA polymerase activity,136,11,12.01,0.47855,1
GO:0010329,auxin efflux transmembrane transporter a...,10,1,0.88,0.48054,1
GO:0047800,cysteamine dioxygenase activity,11,1,0.97,0.48120,1
GO:2001070,starch binding,13,1,1.15,0.48148,1
GO:0043169,cation binding,5026,436,443.83,0.48220,1
GO:0016624,oxidoreductase activity, acting on the a...,25,2,2.21,0.48258,1
GO:0008374,O-acyltransferase activity,77,6,6.8,0.48486,1
GO:0005452,inorganic anion exchanger activity,13,1,1.15,0.48486,1
GO:0015172,acidic amino acid transmembrane transpor...,14,1,1.24,0.48715,1
GO:0070283,radical SAM enzyme activity,8,1,0.71,0.48791,1
GO:0016289,CoA hydrolase activity,9,1,0.79,0.48992,1
GO:0010428,methyl-CpNpG binding,7,1,0.62,0.48996,1
GO:0010429,methyl-CpNpN binding,7,1,0.62,0.48996,1
GO:0030527,structural constituent of chromatin,11,2,0.97,0.49071,1
GO:0004034,aldose 1-epimerase activity,22,2,1.94,0.49093,1
GO:0004478,methionine adenosyltransferase activity,8,1,0.71,0.49406,1
GO:0008967,phosphoglycolate phosphatase activity,10,1,0.88,0.49535,1
GO:0051020,GTPase binding,65,6,5.74,0.49538,1
GO:0010333,terpene synthase activity,51,6,4.5,0.49629,1
GO:0016765,transferase activity, transferring alkyl...,224,18,19.78,0.49670,1
GO:0009001,serine O-acetyltransferase activity,6,1,0.53,0.50000,1
GO:0003973,(S)-2-hydroxy-acid oxidase activity,14,2,1.24,0.50000,1
GO:0000287,magnesium ion binding,166,15,14.66,0.50054,1
GO:0050378,UDP-glucuronate 4-epimerase activity,9,1,0.79,0.50061,1
GO:0000774,adenyl-nucleotide exchange factor activi...,8,1,0.71,0.50118,1
GO:0016811,hydrolase activity, acting on carbon-nit...,80,9,7.06,0.50634,1
GO:0015018,galactosylgalactosylxylosylprotein 3-bet...,7,1,0.62,0.50725,1
GO:0016411,acylglycerol O-acyltransferase activity,45,4,3.97,0.51095,1
GO:0005388,calcium-transporting ATPase activity,45,4,3.97,0.51100,1
GO:0008469,histone-arginine N-methyltransferase act...,8,2,0.71,0.51107,1
GO:0070003,threonine-type peptidase activity,47,4,4.15,0.51198,1
GO:0015296,anion:cation symporter activity,10,1,0.88,0.51391,1
GO:0035091,phosphatidylinositol binding,125,7,11.04,0.51564,1
GO:0019210,kinase inhibitor activity,15,2,1.32,0.51587,1
GO:0003713,transcription coactivator activity,39,5,3.44,0.52064,1
GO:0030742,GTP-dependent protein binding,8,1,0.71,0.52176,1
GO:0016877,ligase activity, forming carbon-sulfur b...,88,6,7.77,0.52262,1
GO:0004040,amidase activity,6,1,0.53,0.52340,1
GO:0004609,phosphatidylserine decarboxylase activit...,8,1,0.71,0.52460,1
GO:0004620,phospholipase activity,83,4,7.33,0.52608,1
GO:0008119,thiopurine S-methyltransferase activity,6,1,0.53,0.52703,1
GO:0016818,hydrolase activity, acting on acid anhyd...,1692,156,149.41,0.52771,1
GO:0016670,oxidoreductase activity, acting on a sul...,8,1,0.71,0.52791,1
GO:0099600,transmembrane receptor activity,485,39,42.83,0.52864,1
GO:0004126,cytidine deaminase activity,6,1,0.53,0.52991,1
GO:0003959,NADPH dehydrogenase activity,9,1,0.79,0.53203,1
GO:0005346,purine ribonucleotide transmembrane tran...,28,1,2.47,0.53269,1
GO:0008408,3'-5' exonuclease activity,41,3,3.62,0.53651,1
GO:1901363,heterocyclic compound binding,12478,1104,1101.88,0.53783,1
GO:0008565,protein transporter activity,269,19,23.75,0.53879,1
GO:0005200,structural constituent of cytoskeleton,68,10,6,0.53986,1
GO:0004792,thiosulfate sulfurtransferase activity,5,1,0.44,0.54167,1
GO:0038023,signaling receptor activity,506,39,44.68,0.54172,1
GO:0097159,organic cyclic compound binding,12503,1106,1104.09,0.54199,1
GO:0003830,beta-1,4-mannosylglycoprotein 4-beta-N-a...,9,1,0.79,0.54352,1
GO:0004525,ribonuclease III activity,17,1,1.5,0.54395,1
GO:0022857,transmembrane transporter activity,1774,116,156.65,0.54574,1
GO:0016790,thiolester hydrolase activity,32,2,2.83,0.54799,1
GO:0051537,2 iron, 2 sulfur cluster binding,24,3,2.12,0.55246,1
GO:0016857,racemase and epimerase activity, acting ...,58,4,5.12,0.55353,1
GO:0045300,acyl-[acyl-carrier-protein] desaturase a...,7,1,0.62,0.55390,1
GO:0005345,purine nucleobase transmembrane transpor...,33,4,2.91,0.55436,1
GO:0003857,3-hydroxyacyl-CoA dehydrogenase activity,9,1,0.79,0.55528,1
GO:0004764,shikimate 3-dehydrogenase (NADP+) activi...,9,1,0.79,0.55528,1
GO:0008930,methylthioadenosine nucleosidase activit...,5,1,0.44,0.55556,1
GO:0008428,ribonuclease inhibitor activity,7,1,0.62,0.55611,1
GO:1901682,sulfur compound transmembrane transporte...,28,2,2.47,0.55639,1
GO:0042389,omega-3 fatty acid desaturase activity,10,1,0.88,0.55991,1
GO:0015179,L-amino acid transmembrane transporter a...,17,1,1.5,0.56100,1
GO:0004721,phosphoprotein phosphatase activity,349,23,30.82,0.56102,1
GO:0052742,phosphatidylinositol kinase activity,11,1,0.97,0.56109,1
GO:0016757,transferase activity, transferring glyco...,875,68,77.27,0.56209,1
GO:0022821,potassium ion antiporter activity,15,1,1.32,0.56262,1
GO:0003994,aconitate hydratase activity,5,1,0.44,0.56354,1
GO:0030332,cyclin binding,9,1,0.79,0.56391,1
GO:0003743,translation initiation factor activity,174,16,15.37,0.56467,1
GO:0016620,oxidoreductase activity, acting on the a...,91,6,8.04,0.56498,1
GO:0005544,calcium-dependent phospholipid binding,15,1,1.32,0.56570,1
GO:0061135,endopeptidase regulator activity,88,12,7.77,0.56603,1
GO:0004866,endopeptidase inhibitor activity,88,12,7.77,0.56603,1
GO:0003690,double-stranded DNA binding,73,6,6.45,0.56797,1
GO:0004300,enoyl-CoA hydratase activity,12,2,1.06,0.56835,1
GO:0015556,C4-dicarboxylate transmembrane transport...,11,1,0.97,0.56918,1
GO:0004579,dolichyl-diphosphooligosaccharide-protei...,8,1,0.71,0.57143,1
GO:0015370,solute:sodium symporter activity,17,1,1.5,0.57148,1
GO:0005509,calcium ion binding,381,33,33.64,0.57286,1
GO:0003913,DNA photolyase activity,11,1,0.97,0.57295,1
GO:0015204,urea transmembrane transporter activity,10,2,0.88,0.57692,1
GO:0016646,oxidoreductase activity, acting on the C...,27,2,2.38,0.57789,1
GO:0045435,lycopene epsilon cyclase activity,5,1,0.44,0.57791,1
GO:0016814,hydrolase activity, acting on carbon-nit...,27,3,2.38,0.57942,1
GO:0032296,double-stranded RNA-specific ribonucleas...,17,1,1.5,0.58216,1
GO:0008889,glycerophosphodiester phosphodiesterase ...,35,2,3.09,0.58270,1
GO:0016413,O-acetyltransferase activity,12,1,1.06,0.58362,1
GO:0008172,S-methyltransferase activity,16,2,1.41,0.58403,1
GO:0016651,oxidoreductase activity, acting on NAD(P...,313,25,27.64,0.58584,1
GO:0046976,histone methyltransferase activity (H3-K...,5,1,0.44,0.58590,1
GO:0019238,cyclohydrolase activity,15,2,1.32,0.58632,1
GO:0008375,acetylglucosaminyltransferase activity,76,6,6.71,0.58737,1
GO:0010181,FMN binding,72,6,6.36,0.58799,1
GO:0070569,uridylyltransferase activity,11,1,0.97,0.58859,1
GO:0015020,glucuronosyltransferase activity,24,2,2.12,0.58896,1
GO:0005527,macrolide binding,34,3,3,0.58920,1
GO:0005343,organic acid:sodium symporter activity,15,1,1.32,0.58937,1
GO:0000989,transcription factor activity, transcrip...,85,10,7.51,0.59200,1
GO:0005515,protein binding,7837,690,692.05,0.59357,1
GO:0004033,aldo-keto reductase (NADP) activity,10,1,0.88,0.59421,1
GO:0046524,sucrose-phosphate synthase activity,9,1,0.79,0.59642,1
GO:0004553,hydrolase activity, hydrolyzing O-glycos...,614,37,54.22,0.59929,1
GO:0016728,oxidoreductase activity, acting on CH or...,9,2,0.79,0.60000,1
GO:0047364,desulfoglucosinolate sulfotransferase ac...,15,1,1.32,0.60005,1
GO:0004518,nuclease activity,347,19,30.64,0.60099,1
GO:0004069,L-aspartate:2-oxoglutarate aminotransfer...,14,1,1.24,0.60154,1
GO:0016301,kinase activity,2613,189,230.74,0.60288,1
GO:0019899,enzyme binding,142,12,12.54,0.60354,1
GO:0008131,primary amine oxidase activity,32,2,2.83,0.60386,1
GO:0010295,(+)-abscisic acid 8'-hydroxylase activit...,10,1,0.88,0.60518,1
GO:0030976,thiamine pyrophosphate binding,10,1,0.88,0.60539,1
GO:0008047,enzyme activator activity,53,5,4.68,0.60618,1
GO:0004298,threonine-type endopeptidase activity,47,4,4.15,0.60685,1
GO:0015301,anion:anion antiporter activity,17,1,1.5,0.61003,1
GO:0015434,cadmium-transporting ATPase activity,11,1,0.97,0.61111,1
GO:0004652,polynucleotide adenylyltransferase activ...,13,1,1.15,0.61246,1
GO:0042132,fructose 1,6-bisphosphate 1-phosphatase ...,10,1,0.88,0.61254,1
GO:0050307,sucrose-phosphate phosphatase activity,10,1,0.88,0.61254,1
GO:1901476,carbohydrate transporter activity,192,12,16.95,0.61304,1
GO:0051219,phosphoprotein binding,23,2,2.03,0.61373,1
GO:0005047,signal recognition particle binding,7,1,0.62,0.61404,1
GO:0016885,ligase activity, forming carbon-carbon b...,14,1,1.24,0.61442,1
GO:0016780,phosphotransferase activity, for other s...,28,2,2.47,0.61449,1
GO:0045156,electron transporter, transferring elect...,12,1,1.06,0.61475,1
GO:0019843,rRNA binding,43,5,3.8,0.61547,1
GO:0008483,transaminase activity,101,6,8.92,0.61572,1
GO:0015215,nucleotide transmembrane transporter act...,31,1,2.74,0.61608,1
GO:0016641,oxidoreductase activity, acting on the C...,72,4,6.36,0.61619,1
GO:0008757,S-adenosylmethionine-dependent methyltra...,165,19,14.57,0.61628,1
GO:0032555,purine ribonucleotide binding,4778,401,421.93,0.61714,1
GO:0016405,CoA-ligase activity,42,3,3.71,0.61722,1
GO:0016799,hydrolase activity, hydrolyzing N-glycos...,34,2,3,0.61869,1
GO:0004860,protein kinase inhibitor activity,15,2,1.32,0.61967,1
GO:0015037,peptide disulfide oxidoreductase activit...,13,1,1.15,0.62113,1
GO:0015631,tubulin binding,82,6,7.24,0.62180,1
GO:0016149,translation release factor activity, cod...,11,2,0.97,0.62436,1
GO:0016972,thiol oxidase activity,5,1,0.44,0.62500,1
GO:0016992,lipoate synthase activity,6,1,0.53,0.62500,1
GO:0008641,small protein activating enzyme activity,28,2,2.47,0.62544,1
GO:0072509,divalent inorganic cation transmembrane ...,111,9,9.8,0.62618,1
GO:0008443,phosphofructokinase activity,30,2,2.65,0.62825,1
GO:0004523,RNA-DNA hybrid ribonuclease activity,89,4,7.86,0.62833,1
GO:0003861,3-isopropylmalate dehydratase activity,6,1,0.53,0.63164,1
GO:0008446,GDP-mannose 4,6-dehydratase activity,6,1,0.53,0.63164,1
GO:0051119,sugar transmembrane transporter activity,185,12,16.34,0.63177,1
GO:0005496,steroid binding,24,2,2.12,0.63365,1
GO:0016746,transferase activity, transferring acyl ...,478,36,42.21,0.63531,1
GO:0010294,abscisic acid glucosyltransferase activi...,10,1,0.88,0.63602,1
GO:0080046,quercetin 4'-O-glucosyltransferase activ...,10,1,0.88,0.63602,1
GO:0051748,UTP-monosaccharide-1-phosphate uridylylt...,7,1,0.62,0.63636,1
GO:0004353,glutamate dehydrogenase [NAD(P)+] activi...,7,1,0.62,0.63636,1
GO:0022843,voltage-gated cation channel activity,30,3,2.65,0.63654,1
GO:0042084,5-methyltetrahydrofolate-dependent methy...,8,1,0.71,0.63752,1
GO:0042085,5-methyltetrahydropteroyltri-L-glutamate...,8,1,0.71,0.63752,1
GO:0004673,protein histidine kinase activity,31,2,2.74,0.63945,1
GO:0016878,acid-thiol ligase activity,43,3,3.8,0.63976,1
GO:0022836,gated channel activity,107,8,9.45,0.64053,1
GO:0004869,cysteine-type endopeptidase inhibitor ac...,30,4,2.65,0.64136,1
GO:0004521,endoribonuclease activity,143,7,12.63,0.64377,1
GO:0016597,amino acid binding,58,6,5.12,0.64383,1
GO:0046423,allene-oxide cyclase activity,6,1,0.53,0.64683,1
GO:0004364,glutathione transferase activity,103,8,9.1,0.64683,1
GO:0016812,hydrolase activity, acting on carbon-nit...,9,1,0.79,0.64798,1
GO:0005242,inward rectifier potassium channel activ...,13,1,1.15,0.64807,1
GO:0008144,drug binding,37,3,3.27,0.64834,1
GO:0004190,aspartic-type endopeptidase activity,157,13,13.86,0.65335,1
GO:0016887,ATPase activity,938,85,82.83,0.65613,1
GO:0044877,macromolecular complex binding,111,9,9.8,0.65863,1
GO:0019239,deaminase activity,13,1,1.15,0.66301,1
GO:0019213,deacetylase activity,30,2,2.65,0.66341,1
GO:0030151,molybdenum ion binding,12,1,1.06,0.66352,1
GO:0016833,oxo-acid-lyase activity,14,1,1.24,0.66412,1
GO:0004520,endodeoxyribonuclease activity,20,1,1.77,0.66421,1
GO:0008422,beta-glucosidase activity,26,1,2.3,0.66667,1
GO:0004018,N6-(1,2-dicarboxyethyl)AMP AMP-lyase (fu...,6,1,0.53,0.66667,1
GO:0046030,inositol trisphosphate phosphatase activ...,12,1,1.06,0.66667,1
GO:0004445,inositol-polyphosphate 5-phosphatase act...,8,1,0.71,0.66667,1
GO:0016775,phosphotransferase activity, nitrogenous...,31,2,2.74,0.67032,1
GO:0015116,sulfate transmembrane transporter activi...,26,2,2.3,0.67114,1
GO:0031267,small GTPase binding,61,6,5.39,0.67223,1
GO:0016863,intramolecular oxidoreductase activity, ...,17,3,1.5,0.67246,1
GO:0004708,MAP kinase kinase activity,15,1,1.32,0.67271,1
GO:0009041,uridylate kinase activity,5,1,0.44,0.67335,1
GO:0051539,4 iron, 4 sulfur cluster binding,28,3,2.47,0.67475,1
GO:0004222,metalloendopeptidase activity,84,7,7.42,0.67564,1
GO:0015189,L-lysine transmembrane transporter activ...,8,1,0.71,0.67836,1
GO:0016616,oxidoreductase activity, acting on the C...,306,26,27.02,0.68024,1
GO:0016410,N-acyltransferase activity,92,6,8.12,0.68116,1
GO:0008526,phosphatidylinositol transporter activit...,11,1,0.97,0.68750,1
GO:0016655,oxidoreductase activity, acting on NAD(P...,56,4,4.95,0.68791,1
GO:0016705,oxidoreductase activity, acting on paire...,804,63,71,0.68800,1
GO:0004659,prenyltransferase activity,55,4,4.86,0.68851,1
GO:0016763,transferase activity, transferring pento...,73,5,6.45,0.68956,1
GO:0016872,intramolecular lyase activity,17,2,1.5,0.69220,1
GO:0022832,voltage-gated channel activity,56,4,4.95,0.69329,1
GO:0005548,phospholipid transporter activity,16,1,1.41,0.69469,1
GO:0004576,oligosaccharyl transferase activity,14,1,1.24,0.69525,1
GO:0008553,hydrogen-exporting ATPase activity, phos...,30,2,2.65,0.69541,1
GO:0005319,lipid transporter activity,50,3,4.42,0.69836,1
GO:0043168,anion binding,325,26,28.7,0.69838,1
GO:0016782,transferase activity, transferring sulfu...,74,5,6.53,0.70142,1
GO:0034768,(E)-beta-ocimene synthase activity,10,1,0.88,0.70410,1
GO:0070568,guanylyltransferase activity,15,1,1.32,0.70425,1
GO:0004861,cyclin-dependent protein serine/threonin...,15,2,1.32,0.70431,1
GO:0004536,deoxyribonuclease activity,21,1,1.85,0.70450,1
GO:0016726,oxidoreductase activity, acting on CH or...,5,1,0.44,0.70536,1
GO:0016875,ligase activity, forming carbon-oxygen b...,137,8,12.1,0.70805,1
GO:0000155,phosphorelay sensor kinase activity,31,2,2.74,0.71072,1
GO:0052745,inositol phosphate phosphatase activity,18,1,1.59,0.71084,1
GO:0008097,5S rRNA binding,9,1,0.79,0.71093,1
GO:0042054,histone methyltransferase activity,41,7,3.62,0.71204,1
GO:0015925,galactosidase activity,40,2,3.53,0.71331,1
GO:0000166,nucleotide binding,6099,559,538.58,0.71353,1
GO:0004551,nucleotide diphosphatase activity,13,1,1.15,0.71506,1
GO:0009975,cyclase activity,31,2,2.74,0.72316,1
GO:0015108,chloride transmembrane transporter activ...,14,1,1.24,0.72354,1
GO:0016417,S-acyltransferase activity,17,1,1.5,0.72465,1
GO:0050660,flavin adenine dinucleotide binding,252,21,22.25,0.72533,1
GO:0003878,ATP citrate synthase activity,8,1,0.71,0.72756,1
GO:0033843,xyloglucan 6-xylosyltransferase activity,6,1,0.53,0.73039,1
GO:0052866,phosphatidylinositol phosphate phosphata...,19,1,1.68,0.73045,1
GO:0016801,hydrolase activity, acting on ether bond...,17,1,1.5,0.73060,1
GO:0000175,3'-5'-exoribonuclease activity,17,1,1.5,0.73079,1
GO:0043167,ion binding,5278,457,466.08,0.73086,1
GO:0004519,endonuclease activity,197,10,17.4,0.73152,1
GO:0016740,transferase activity,5817,457,513.68,0.73253,1
GO:0004806,triglyceride lipase activity,79,5,6.98,0.73282,1
GO:0003691,double-stranded telomeric DNA binding,15,1,1.32,0.73547,1
GO:0015086,cadmium ion transmembrane transporter ac...,18,1,1.59,0.73578,1
GO:0003978,UDP-glucose 4-epimerase activity,16,1,1.41,0.73618,1
GO:0015085,calcium ion transmembrane transporter ac...,64,4,5.65,0.73629,1
GO:0019904,protein domain specific binding,29,2,2.56,0.73813,1
GO:0045735,nutrient reservoir activity,69,5,6.09,0.73997,1
GO:0016868,intramolecular transferase activity, pho...,21,3,1.85,0.74239,1
GO:0009916,alternative oxidase activity,8,1,0.71,0.74308,1
GO:0043295,glutathione binding,13,2,1.15,0.74312,1
GO:0016229,steroid dehydrogenase activity,16,1,1.41,0.74557,1
GO:0016627,oxidoreductase activity, acting on the C...,116,8,10.24,0.74638,1
GO:0003872,6-phosphofructokinase activity,26,2,2.3,0.74713,1
GO:0009678,hydrogen-translocating pyrophosphatase a...,14,1,1.24,0.74730,1
GO:0008536,Ran GTPase binding,51,5,4.5,0.74741,1
GO:0016407,acetyltransferase activity,113,7,9.98,0.74783,1
GO:0008252,nucleotidase activity,20,1,1.77,0.74877,1
GO:0004712,protein serine/threonine/tyrosine kinase...,106,6,9.36,0.74895,1
GO:0046592,polyamine oxidase activity,6,1,0.53,0.75000,1
GO:0050551,myrcene synthase activity,10,1,0.88,0.75033,1
GO:0008121,ubiquinol-cytochrome-c reductase activit...,16,1,1.41,0.75227,1
GO:0008506,sucrose:proton symporter activity,19,1,1.68,0.75365,1
GO:0070566,adenylyltransferase activity,49,3,4.33,0.75444,1
GO:0001883,purine nucleoside binding,4778,401,421.93,0.75829,1
GO:0046923,ER retention sequence binding,15,1,1.32,0.75862,1
GO:0004072,aspartate kinase activity,13,1,1.15,0.76000,1
GO:0035197,siRNA binding,11,1,0.97,0.76121,1
GO:0019887,protein kinase regulator activity,85,11,7.51,0.76183,1
GO:0004565,beta-galactosidase activity,35,2,3.09,0.76282,1
GO:0016837,carbon-oxygen lyase activity, acting on ...,48,5,4.24,0.76377,1
GO:0016408,C-acyltransferase activity,19,1,1.68,0.76432,1
GO:0015154,disaccharide transmembrane transporter a...,21,1,1.85,0.76557,1
GO:0008168,methyltransferase activity,440,52,38.85,0.76617,1
GO:0003871,5-methyltetrahydropteroyltriglutamate-ho...,8,1,0.71,0.76667,1
GO:0008705,methionine synthase activity,8,1,0.71,0.76667,1
GO:0070011,peptidase activity, acting on L-amino ac...,1147,90,101.29,0.76681,1
GO:0004532,exoribonuclease activity,25,1,2.21,0.76685,1
GO:0030060,L-malate dehydrogenase activity,16,1,1.41,0.76741,1
GO:0030551,cyclic nucleotide binding,43,3,3.8,0.76813,1
GO:0016838,carbon-oxygen lyase activity, acting on ...,57,6,5.03,0.76876,1
GO:0030554,adenyl nucleotide binding,4347,361,383.87,0.77143,1
GO:0005244,voltage-gated ion channel activity,56,4,4.95,0.77171,1
GO:0034061,DNA polymerase activity,94,6,8.3,0.77238,1
GO:0008094,DNA-dependent ATPase activity,76,6,6.71,0.77448,1
GO:0005524,ATP binding,4333,360,382.63,0.77476,1
GO:0015144,carbohydrate transmembrane transporter a...,192,12,16.95,0.77630,1
GO:0008081,phosphoric diester hydrolase activity,117,6,10.33,0.77634,1
GO:0016645,oxidoreductase activity, acting on the C...,49,3,4.33,0.77784,1
GO:0015645,fatty acid ligase activity,19,1,1.68,0.77880,1
GO:0004743,pyruvate kinase activity,21,1,1.85,0.77947,1
GO:0016755,transferase activity, transferring amino...,19,1,1.68,0.78078,1
GO:0008509,anion transmembrane transporter activity,216,14,19.07,0.78313,1
GO:0004066,asparagine synthase (glutamine-hydrolyzi...,10,1,0.88,0.78360,1
GO:0005372,water transmembrane transporter activity,55,3,4.86,0.78419,1
GO:0000990,transcription factor activity, core RNA ...,12,1,1.06,0.78551,1
GO:0005516,calmodulin binding,336,26,29.67,0.78664,1
GO:0008092,cytoskeletal protein binding,189,14,16.69,0.78957,1
GO:0060089,molecular transducer activity,566,45,49.98,0.79134,1
GO:0031127,alpha-(1,2)-fucosyltransferase activity,19,1,1.68,0.79167,1
GO:0015271,outward rectifier potassium channel acti...,11,1,0.97,0.79243,1
GO:0032550,purine ribonucleoside binding,4778,401,421.93,0.79494,1
GO:0060589,nucleoside-triphosphatase regulator acti...,29,2,2.56,0.79626,1
GO:0004630,phospholipase D activity,26,1,2.3,0.79804,1
GO:0004749,ribose phosphate diphosphokinase activit...,8,1,0.71,0.80000,1
GO:0008441,3'(2'),5'-bisphosphate nucleotidase acti...,16,1,1.41,0.80000,1
GO:0000030,mannosyltransferase activity,19,1,1.68,0.80185,1
GO:0004540,ribonuclease activity,188,9,16.6,0.80239,1
GO:0046914,transition metal ion binding,3970,344,350.57,0.80685,1
GO:0016842,amidine-lyase activity,9,1,0.79,0.80731,1
GO:0030755,quercetin 3-O-methyltransferase activity,13,1,1.15,0.80899,1
GO:0016774,phosphotransferase activity, carboxyl gr...,22,1,1.94,0.81070,1
GO:0004629,phospholipase C activity,27,1,2.38,0.81139,1
GO:0005451,monovalent cation:proton antiporter acti...,72,2,6.36,0.81143,1
GO:0046982,protein heterodimerization activity,76,6,6.71,0.81161,1
GO:0016165,linoleate 13S-lipoxygenase activity,24,1,2.12,0.81353,1
GO:0036442,hydrogen-exporting ATPase activity,90,8,7.95,0.81409,1
GO:0020037,heme binding,579,37,51.13,0.81440,1
GO:0003997,acyl-CoA oxidase activity,15,2,1.32,0.81579,1
GO:0016279,protein-lysine N-methyltransferase activ...,33,5,2.91,0.81650,1
GO:0016248,channel inhibitor activity,10,2,0.88,0.81818,1
GO:0050136,NADH dehydrogenase (quinone) activity,39,3,3.44,0.81896,1
GO:1901677,phosphate transmembrane transporter acti...,66,3,5.83,0.81958,1
GO:0004185,serine-type carboxypeptidase activity,74,3,6.53,0.81974,1
GO:0003779,actin binding,110,7,9.71,0.82362,1
GO:0004427,inorganic diphosphatase activity,18,1,1.59,0.82467,1
GO:0003906,DNA-(apurinic or apyrimidinic site) lyas...,13,1,1.15,0.82499,1
GO:0016462,pyrophosphatase activity,1668,153,147.29,0.82599,1
GO:0008173,RNA methyltransferase activity,36,3,3.18,0.82659,1
GO:0003885,D-arabinono-1,4-lactone oxidase activity,12,1,1.06,0.82906,1
GO:0008142,oxysterol binding,21,2,1.85,0.83004,1
GO:0004563,beta-N-acetylhexosaminidase activity,5,1,0.44,0.83333,1
GO:0016747,transferase activity, transferring acyl ...,405,29,35.76,0.83416,1
GO:0015157,oligosaccharide transmembrane transporte...,26,1,2.3,0.83509,1
GO:0032559,adenyl ribonucleotide binding,4342,360,383.42,0.83656,1
GO:0003746,translation elongation factor activity,72,5,6.36,0.83708,1
GO:0032549,ribonucleoside binding,4806,404,424.4,0.83899,1
GO:0016298,lipase activity,206,9,18.19,0.84117,1
GO:0016756,glutathione gamma-glutamylcysteinyltrans...,16,1,1.41,0.84211,1
GO:0016903,oxidoreductase activity, acting on the a...,129,8,11.39,0.84283,1
GO:0051192,prosthetic group binding,19,1,1.68,0.84331,1
GO:0030247,polysaccharide binding,27,1,2.38,0.84535,1
GO:0001071,nucleic acid binding transcription facto...,3126,261,276.04,0.84596,1
GO:0015250,water channel activity,55,3,4.86,0.84704,1
GO:0060229,lipase activator activity,16,1,1.41,0.84810,1
GO:0008514,organic anion transmembrane transporter ...,65,3,5.74,0.84970,1
GO:0004089,carbonate dehydratase activity,36,4,3.18,0.84991,1
GO:0005342,organic acid transmembrane transporter a...,144,8,12.72,0.85100,1
GO:0004017,adenylate kinase activity,8,1,0.71,0.85147,1
GO:0004867,serine-type endopeptidase inhibitor acti...,30,3,2.65,0.85188,1
GO:0015078,hydrogen ion transmembrane transporter a...,271,22,23.93,0.85246,1
GO:0003887,DNA-directed DNA polymerase activity,43,2,3.8,0.85382,1
GO:0015405,P-P-bond-hydrolysis-driven transmembrane...,487,37,43,0.85425,1
GO:0004124,cysteine synthase activity,14,1,1.24,0.85524,1
GO:0015035,protein disulfide oxidoreductase activit...,149,10,13.16,0.85566,1
GO:0032182,ubiquitin-like protein binding,21,1,1.85,0.85601,1
GO:0033799,myricetin 3'-O-methyltransferase activit...,13,1,1.15,0.85637,1
GO:0031420,alkali metal ion binding,21,1,1.85,0.85662,1
GO:0004560,alpha-L-fucosidase activity,6,1,0.53,0.85714,1
GO:0005085,guanyl-nucleotide exchange factor activi...,48,3,4.24,0.85734,1
GO:0008187,poly-pyrimidine tract binding,44,2,3.89,0.85844,1
GO:0080044,quercetin 7-O-glucosyltransferase activi...,19,1,1.68,0.85968,1
GO:0022834,ligand-gated channel activity,56,3,4.95,0.86319,1
GO:0030594,neurotransmitter receptor activity,43,2,3.8,0.86584,1
GO:0016769,transferase activity, transferring nitro...,124,7,10.95,0.86598,1
GO:0016681,oxidoreductase activity, acting on diphe...,16,1,1.41,0.86643,1
GO:0009815,1-aminocyclopropane-1-carboxylate oxidas...,28,1,2.47,0.86805,1
GO:0005230,extracellular ligand-gated ion channel a...,43,2,3.8,0.86869,1
GO:0019203,carbohydrate phosphatase activity,51,2,4.5,0.86893,1
GO:0008417,fucosyltransferase activity,24,1,2.12,0.87158,1
GO:0016796,exonuclease activity, active with either...,26,1,2.3,0.87267,1
GO:0016891,endoribonuclease activity, producing 5'-...,119,5,10.51,0.87290,1
GO:0004152,dihydroorotate dehydrogenase activity,7,1,0.62,0.87500,1
GO:0005199,structural constituent of cell wall,50,5,4.42,0.87698,1
GO:0043022,ribosome binding,12,1,1.06,0.87719,1
GO:0016893,endonuclease activity, active with eithe...,123,5,10.86,0.87762,1
GO:1901618,organic hydroxy compound transmembrane t...,31,1,2.74,0.87936,1
GO:0018024,histone-lysine N-methyltransferase activ...,33,5,2.91,0.87973,1
GO:0016744,transferase activity, transferring aldeh...,26,1,2.3,0.88141,1
GO:0022835,transmitter-gated channel activity,43,2,3.8,0.88222,1
GO:0008066,glutamate receptor activity,43,2,3.8,0.88298,1
GO:0042162,telomeric DNA binding,20,1,1.77,0.88556,1
GO:0004834,tryptophan synthase activity,22,2,1.94,0.88556,1
GO:0004550,nucleoside diphosphate kinase activity,11,2,0.97,0.88570,1
GO:0005217,intracellular ligand-gated ion channel a...,44,2,3.89,0.88730,1
GO:0022804,active transmembrane transporter activit...,1006,60,88.84,0.88803,1
GO:0003935,GTP cyclohydrolase II activity,5,1,0.44,0.89286,1
GO:0004568,chitinase activity,35,1,3.09,0.89354,1
GO:0015145,monosaccharide transmembrane transporter...,31,1,2.74,0.89732,1
GO:0016843,amine-lyase activity,27,3,2.38,0.89871,1
GO:0005048,signal sequence binding,30,2,2.65,0.89922,1
GO:0046873,metal ion transmembrane transporter acti...,324,24,28.61,0.90068,1
GO:0005253,anion channel activity,28,1,2.47,0.90149,1
GO:0070567,cytidylyltransferase activity,28,1,2.47,0.90160,1
GO:0001882,nucleoside binding,4808,404,424.57,0.90269,1
GO:0015216,purine nucleotide transmembrane transpor...,28,1,2.47,0.90323,1
GO:0016830,carbon-carbon lyase activity,220,16,19.43,0.90352,1
GO:0008312,7S RNA binding,18,1,1.59,0.90463,1
GO:0008515,sucrose transmembrane transporter activi...,19,1,1.68,0.90476,1
GO:0008909,isochorismate synthase activity,11,2,0.97,0.90659,1
GO:0004407,histone deacetylase activity,29,2,2.56,0.90725,1
GO:0015036,disulfide oxidoreductase activity,159,11,14.04,0.90936,1
GO:0016638,oxidoreductase activity, acting on the C...,97,5,8.57,0.91005,1
GO:0009055,electron carrier activity,830,63,73.29,0.91116,1
GO:0015385,sodium:proton antiporter activity,56,1,4.95,0.91159,1
GO:0016209,antioxidant activity,215,14,18.99,0.91187,1
GO:0008308,voltage-gated anion channel activity,26,1,2.3,0.91524,1
GO:0080161,auxin transmembrane transporter activity,32,1,2.83,0.91527,1
GO:0032934,sterol binding,23,2,2.03,0.91667,1
GO:0015276,ligand-gated ion channel activity,56,3,4.95,0.91737,1
GO:0016874,ligase activity,508,33,44.86,0.91824,1
GO:0016841,ammonia-lyase activity,13,1,1.15,0.91825,1
GO:0030145,manganese ion binding,46,2,4.06,0.91827,1
GO:0015926,glucosidase activity,39,1,3.44,0.91831,1
GO:0001871,pattern binding,27,1,2.38,0.91842,1
GO:0016702,oxidoreductase activity, acting on singl...,57,3,5.03,0.91971,1
GO:0047763,caffeate O-methyltransferase activity,13,1,1.15,0.92061,1
GO:0004871,signal transducer activity,799,60,70.56,0.92063,1
GO:0019201,nucleotide kinase activity,20,4,1.77,0.92407,1
GO:0032403,protein complex binding,28,1,2.47,0.92430,1
GO:0003755,peptidyl-prolyl cis-trans isomerase acti...,92,7,8.12,0.92473,1
GO:0008762,UDP-N-acetylmuramate dehydrogenase activ...,76,4,6.71,0.92616,1
GO:0015238,drug transmembrane transporter activity,126,5,11.13,0.92663,1
GO:0004497,monooxygenase activity,481,32,42.48,0.92738,1
GO:0015605,organophosphate ester transmembrane tran...,38,1,3.36,0.92841,1
GO:0000295,adenine nucleotide transmembrane transpo...,26,1,2.3,0.92857,1
GO:0019199,transmembrane receptor protein kinase ac...,58,2,5.12,0.92889,1
GO:0030246,carbohydrate binding,193,12,17.04,0.92904,1
GO:0016820,hydrolase activity, acting on acid anhyd...,384,25,33.91,0.93136,1
GO:0008378,galactosyltransferase activity,51,2,4.5,0.93197,1
GO:0097367,carbohydrate derivative binding,4916,410,434.11,0.93210,1
GO:0016277,[myelin basic protein]-arginine N-methyl...,8,2,0.71,0.93333,1
GO:0033558,protein deacetylase activity,29,2,2.56,0.93333,1
GO:0035241,protein-arginine omega-N monomethyltrans...,8,2,0.71,0.93333,1
GO:0035242,protein-arginine omega-N asymmetric meth...,8,2,0.71,0.93333,1
GO:0019900,kinase binding,44,2,3.89,0.93401,1
GO:0004672,protein kinase activity,2186,150,193.04,0.93484,1
GO:0016701,oxidoreductase activity, acting on singl...,70,3,6.18,0.93512,1
GO:0008146,sulfotransferase activity,58,3,5.12,0.93571,1
GO:0019104,DNA N-glycosylase activity,25,1,2.21,0.93583,1
GO:0004707,MAP kinase activity,44,5,3.89,0.93975,1
GO:0090484,drug transporter activity,131,5,11.57,0.94023,1
GO:0016773,phosphotransferase activity, alcohol gro...,2472,171,218.29,0.94060,1
GO:0015171,amino acid transmembrane transporter act...,114,5,10.07,0.94120,1
GO:0042626,ATPase activity, coupled to transmembran...,379,25,33.47,0.94377,1
GO:0016628,oxidoreductase activity, acting on the C...,34,1,3,0.94390,1
GO:0016798,hydrolase activity, acting on glycosyl b...,652,39,57.58,0.94394,1
GO:0005088,Ras guanyl-nucleotide exchange factor ac...,29,1,2.56,0.94398,1
GO:0034595,phosphatidylinositol phosphate 5-phospha...,18,1,1.59,0.94737,1
GO:0004467,long-chain fatty acid-CoA ligase activit...,18,1,1.59,0.94737,1
GO:0004439,phosphatidylinositol-4,5-bisphosphate 5-...,18,1,1.59,0.94737,1
GO:0010011,auxin binding,15,1,1.32,0.94783,1
GO:0030170,pyridoxal phosphate binding,206,14,18.19,0.94811,1
GO:0015294,solute:cation symporter activity,227,13,20.05,0.94855,1
GO:0042277,peptide binding,45,4,3.97,0.94880,1
GO:0031559,oxidosqualene cyclase activity,15,1,1.32,0.95129,1
GO:0047134,protein-disulfide reductase activity,163,13,14.39,0.95163,1
GO:0015662,ATPase activity, coupled to transmembran...,123,8,10.86,0.95328,1
GO:0003843,1,3-beta-D-glucan synthase activity,29,1,2.56,0.95387,1
GO:0019888,protein phosphatase regulator activity,42,1,3.71,0.95455,1
GO:0016615,malate dehydrogenase activity,33,1,2.91,0.95533,1
GO:0005249,voltage-gated potassium channel activity,28,3,2.47,0.95616,1
GO:0003774,motor activity,192,12,16.95,0.95752,1
GO:0015197,peptide transporter activity,43,1,3.8,0.95870,1
GO:0004807,triose-phosphate isomerase activity,7,1,0.62,0.95954,1
GO:0008234,cysteine-type peptidase activity,475,30,41.95,0.95963,1
GO:0031418,L-ascorbic acid binding,37,2,3.27,0.96136,1
GO:0016896,exoribonuclease activity, producing 5'-p...,25,1,2.21,0.96154,1
GO:0046910,pectinesterase inhibitor activity,67,4,5.92,0.96182,1
GO:0008017,microtubule binding,70,4,6.18,0.96203,1
GO:0016742,hydroxymethyl-, formyl- and related tran...,25,1,2.21,0.96225,1
GO:0016772,transferase activity, transferring phosp...,3071,223,271.19,0.96643,1
GO:0008135,translation factor activity, RNA binding,264,24,23.31,0.96764,1
GO:0015217,ADP transmembrane transporter activity,25,1,2.21,0.96774,1
GO:0004675,transmembrane receptor protein serine/th...,45,1,3.97,0.96802,1
GO:0016864,intramolecular oxidoreductase activity, ...,30,3,2.65,0.97102,1
GO:0015297,antiporter activity,263,8,23.22,0.97145,1
GO:0019825,oxygen binding,379,24,33.47,0.97167,1
GO:0015491,cation:cation antiporter activity,93,2,8.21,0.97318,1
GO:0004650,polygalacturonase activity,84,2,7.42,0.97365,1
GO:0015181,arginine transmembrane transporter activ...,8,1,0.71,0.97778,1
GO:0005347,ATP transmembrane transporter activity,26,1,2.3,0.97849,1
GO:0015932,nucleobase-containing compound transmemb...,75,2,6.62,0.97960,1
GO:0003727,single-stranded RNA binding,58,3,5.12,0.97990,1
GO:0015291,secondary active transmembrane transport...,507,23,44.77,0.98067,1
GO:0015298,solute:cation antiporter activity,100,3,8.83,0.98069,1
GO:0005506,iron ion binding,620,41,54.75,0.98255,1
GO:1901505,carbohydrate derivative transporter acti...,89,2,7.86,0.98387,1
GO:0046915,transition metal ion transmembrane trans...,73,2,6.45,0.98542,1
GO:0070008,serine-type exopeptidase activity,74,3,6.53,0.98564,1
GO:0005102,receptor binding,46,1,4.06,0.98577,1
GO:0016859,cis-trans isomerase activity,93,7,8.21,0.98599,1
GO:0016787,hydrolase activity,5907,438,521.62,0.98675,1
GO:0000156,phosphorelay response regulator activity,78,2,6.89,0.98681,1
GO:0046906,tetrapyrrole binding,626,41,55.28,0.98688,1
GO:0015299,solute:proton antiporter activity,88,3,7.77,0.98690,1
GO:0099516,ion antiporter activity,110,3,9.71,0.98751,1
GO:0016684,oxidoreductase activity, acting on perox...,168,7,14.84,0.98844,1
GO:0016854,racemase and epimerase activity,67,4,5.92,0.99043,1
GO:0019208,phosphatase regulator activity,44,1,3.89,0.99106,1
GO:0047262,polygalacturonate 4-alpha-galacturonosyl...,56,1,4.95,0.99245,1
GO:0004601,peroxidase activity,162,7,14.31,0.99263,1
GO:0016881,acid-amino acid ligase activity,165,7,14.57,0.99375,1
GO:0042393,histone binding,56,1,4.95,0.99437,1
GO:0004180,carboxypeptidase activity,79,3,6.98,0.99559,1
GO:0015081,sodium ion transmembrane transporter act...,86,2,7.59,0.99749,1
GO:0008289,lipid binding,340,16,30.02,0.99884,1
GO:0061505,DNA topoisomerase II activity,17,2,1.5,0.99898,1
GO:0043492,ATPase activity, coupled to movement of ...,379,25,33.47,0.99926,1
GO:0032553,ribonucleotide binding,4845,407,427.84,0.99988,1
GO:0035639,purine ribonucleoside triphosphate bindi...,4769,401,421.13,0.99994,1
GO:0016788,hydrolase activity, acting on ester bond...,2019,114,178.29,0.99994,1
GO:0017076,purine nucleotide binding,4793,402,423.25,0.99996,1
GO:0005215,transporter activity,2279,149,201.25,0.99998,1
GO:0003677,DNA binding,4272,353,377.24,0.99999,1
GO:0003824,catalytic activity,15704,1260,1386.76,1.00000,1
GO:0045309,protein phosphorylated amino acid bindin...,23,2,2.03,1.00000,1
GO:0003860,3-hydroxyisobutyryl-CoA hydrolase activi...,9,1,0.79,1.00000,1
GO:0003854,3-beta-hydroxy-delta5-steroid dehydrogen...,7,1,0.62,1.00000,1
GO:0016211,ammonia ligase activity,18,2,1.59,1.00000,1
GO:0017016,Ras GTPase binding,61,6,5.39,1.00000,1
GO:0031625,ubiquitin protein ligase binding,21,3,1.85,1.00000,1
GO:0016987,sigma factor activity,12,1,1.06,1.00000,1
GO:0022824,transmitter-gated ion channel activity,43,2,3.8,1.00000,1
GO:0008200,ion channel inhibitor activity,10,2,0.88,1.00000,1
GO:0034593,phosphatidylinositol bisphosphate phosph...,19,1,1.68,1.00000,1
GO:0015267,channel activity,209,16,18.46,1.00000,1
GO:0004108,citrate (Si)-synthase activity,11,2,0.97,1.00000,1
GO:0051740,ethylene binding,7,1,0.62,1.00000,1
GO:0004559,alpha-mannosidase activity,17,2,1.5,1.00000,1
GO:0004571,mannosyl-oligosaccharide 1,2-alpha-manno...,8,2,0.71,1.00000,1
GO:0016676,oxidoreductase activity, acting on a hem...,25,4,2.21,1.00000,1
GO:0035175,histone kinase activity (H3-S10 specific...,5,1,0.44,1.00000,1
GO:0008493,tetracycline transporter activity,12,1,1.06,1.00000,1
GO:0016004,phospholipase activator activity,16,1,1.41,1.00000,1
GO:0061731,ribonucleoside-diphosphate reductase act...,9,2,0.79,1.00000,1
GO:0061733,peptide-lysine-N-acetyltransferase activ...,33,3,2.91,1.00000,1
GO:0004356,glutamate-ammonia ligase activity,18,2,1.59,1.00000,1
GO:0004970,ionotropic glutamate receptor activity,43,2,3.8,1.00000,1
GO:0034387,4-aminobutyrate:pyruvate transaminase ac...,5,1,0.44,1.00000,1
GO:0016421,CoA carboxylase activity,14,1,1.24,1.00000,1
GO:0015038,glutathione disulfide oxidoreductase act...,13,1,1.15,1.00000,1
GO:0005528,FK506 binding,34,3,3,1.00000,1
GO:0004081,bis(5'-nucleosyl)-tetraphosphatase (asym...,5,1,0.44,1.00000,1
GO:0043130,ubiquitin binding,21,1,1.85,1.00000,1
GO:0008891,glycolate oxidase activity,14,2,1.24,1.00000,1
GO:0004797,thymidine kinase activity,8,6,0.71,1.00000,1
GO:0004021,L-alanine:2-oxoglutarate aminotransferas...,10,2,0.88,1.00000,1
GO:0030291,protein serine/threonine kinase inhibito...,15,2,1.32,1.00000,1
GO:0004013,adenosylhomocysteinase activity,7,1,0.62,1.00000,1
GO:0030570,pectate lyase activity,48,5,4.24,1.00000,1
GO:0003983,UTP:glucose-1-phosphate uridylyltransfer...,7,1,0.62,1.00000,1
GO:0004758,serine C-palmitoyltransferase activity,6,1,0.53,1.00000,1
GO:0005351,sugar:proton symporter activity,178,12,15.72,1.00000,1
GO:0000996,core DNA-dependent RNA polymerase bindin...,12,1,1.06,1.00000,1
GO:0005231,excitatory extracellular ligand-gated io...,43,2,3.8,1.00000,1
GO:0005234,extracellular-glutamate-gated ion channe...,43,2,3.8,1.00000,1
GO:0016876,ligase activity, forming aminoacyl-tRNA ...,137,8,12.1,1.00000,1
GO:0004748,ribonucleoside-diphosphate reductase act...,9,2,0.79,1.00000,1
GO:0016844,strictosidine synthase activity,27,3,2.38,1.00000,1
GO:0003674,molecular_function,41628,3676,3676,1.00000,1
GO:0005089,Rho guanyl-nucleotide exchange factor ac...,29,1,2.56,1.00000,1
GO:0030955,potassium ion binding,21,1,1.85,1.00000,1
GO:0003756,protein disulfide isomerase activity,30,3,2.65,1.00000,1
GO:0046943,carboxylic acid transmembrane transporte...,144,8,12.72,1.00000,1
GO:0044620,ACP phosphopantetheine attachment site b...,19,1,1.68,1.00000,1
GO:0051536,iron-sulfur cluster binding,113,13,9.98,1.00000,1
GO:0015198,oligopeptide transporter activity,43,1,3.8,1.00000,1
GO:0008137,NADH dehydrogenase (ubiquinone) activity,39,3,3.44,1.00000,1
GO:0003729,mRNA binding,33,5,2.91,1.00000,1
GO:0003712,transcription cofactor activity,85,10,7.51,1.00000,1
GO:0004402,histone acetyltransferase activity,33,3,2.91,1.00000,1
GO:0008107,galactoside 2-alpha-L-fucosyltransferase...,19,1,1.68,1.00000,1
GO:0003747,translation release factor activity,19,3,1.68,1.00000,1
GO:0000036,ACP phosphopantetheine attachment site b...,19,1,1.68,1.00000,1
GO:0004872,receptor activity,566,45,49.98,1.00000,1
GO:0003700,transcription factor activity, sequence-...,3126,261,276.04,1.00000,1
GO:0015140,malate transmembrane transporter activit...,11,1,0.97,1.00000,1
GO:0004812,aminoacyl-tRNA ligase activity,137,8,12.1,1.00000,1
GO:0008266,poly(U) RNA binding,44,2,3.89,1.00000,1
GO:0000248,C-5 sterol desaturase activity,6,0,0.53,1.00000,1
GO:0000254,C-4 methylsterol oxidase activity,8,0,0.71,1.00000,1
GO:0000257,nitrilase activity,6,0,0.53,1.00000,1
GO:0000268,peroxisome targeting sequence binding,7,0,0.62,1.00000,1
GO:0000285,1-phosphatidylinositol-3-phosphate 5-kin...,9,0,0.79,1.00000,1
GO:0000293,ferric-chelate reductase activity,13,0,1.15,1.00000,1
GO:0001653,peptide receptor activity,14,0,1.24,1.00000,1
GO:0002094,polyprenyltransferase activity,5,0,0.44,1.00000,1
GO:0003678,DNA helicase activity,31,0,2.74,1.00000,1
GO:0003680,AT DNA binding,8,0,0.71,1.00000,1
GO:0003684,damaged DNA binding,64,0,5.65,1.00000,1
GO:0003689,DNA clamp loader activity,9,0,0.79,1.00000,1
GO:0003724,RNA helicase activity,29,0,2.56,1.00000,1
GO:0003725,double-stranded RNA binding,34,0,3,1.00000,1
GO:0003825,alpha,alpha-trehalose-phosphate synthase...,8,0,0.71,1.00000,1
GO:0003840,gamma-glutamyltransferase activity,10,0,0.88,1.00000,1
GO:0003841,1-acylglycerol-3-phosphate O-acyltransfe...,16,0,1.41,1.00000,1
GO:0003849,3-deoxy-7-phosphoheptulonate synthase ac...,5,0,0.44,1.00000,1
GO:0003863,3-methyl-2-oxobutanoate dehydrogenase (2...,5,0,0.44,1.00000,1
GO:0003865,3-oxo-5-alpha-steroid 4-dehydrogenase ac...,9,0,0.79,1.00000,1
GO:0003905,alkylbase DNA N-glycosylase activity,12,0,1.06,1.00000,1
GO:0003937,IMP cyclohydrolase activity,5,0,0.44,1.00000,1
GO:0003950,NAD+ ADP-ribosyltransferase activity,13,0,1.15,1.00000,1
GO:0003951,NAD+ kinase activity,5,0,0.44,1.00000,1
GO:0003958,NADPH-hemoprotein reductase activity,9,0,0.79,1.00000,1
GO:0003968,RNA-directed RNA polymerase activity,19,0,1.68,1.00000,1
GO:0003979,UDP-glucose 6-dehydrogenase activity,7,0,0.62,1.00000,1
GO:0003984,acetolactate synthase activity,6,0,0.53,1.00000,1
GO:0003988,acetyl-CoA C-acyltransferase activity,9,0,0.79,1.00000,1
GO:0003989,acetyl-CoA carboxylase activity,10,0,0.88,1.00000,1
GO:0004003,ATP-dependent DNA helicase activity,20,0,1.77,1.00000,1
GO:0004004,ATP-dependent RNA helicase activity,10,0,0.88,1.00000,1
GO:0004016,adenylate cyclase activity,5,0,0.44,1.00000,1
GO:0004020,adenylylsulfate kinase activity,8,0,0.71,1.00000,1
GO:0004030,aldehyde dehydrogenase [NAD(P)+] activit...,9,0,0.79,1.00000,1
GO:0004031,aldehyde oxidase activity,11,0,0.97,1.00000,1
GO:0004044,amidophosphoribosyltransferase activity,5,0,0.44,1.00000,1
GO:0004045,aminoacyl-tRNA hydrolase activity,8,0,0.71,1.00000,1
GO:0004047,aminomethyltransferase activity,8,0,0.71,1.00000,1
GO:0004049,anthranilate synthase activity,7,0,0.62,1.00000,1
GO:0004055,argininosuccinate synthase activity,5,0,0.44,1.00000,1
GO:0004084,branched-chain-amino-acid transaminase a...,14,0,1.24,1.00000,1
GO:0004096,catalase activity,9,0,0.79,1.00000,1
GO:0004105,choline-phosphate cytidylyltransferase a...,8,0,0.71,1.00000,1
GO:0004106,chorismate mutase activity,5,0,0.44,1.00000,1
GO:0004128,cytochrome-b5 reductase activity, acting...,5,0,0.44,1.00000,1
GO:0004133,glycogen debranching enzyme activity,9,0,0.79,1.00000,1
GO:0004148,dihydrolipoyl dehydrogenase activity,9,0,0.79,1.00000,1
GO:0004161,dimethylallyltranstransferase activity,7,0,0.62,1.00000,1
GO:0004165,dodecenoyl-CoA delta-isomerase activity,5,0,0.44,1.00000,1
GO:0004301,epoxide hydrolase activity,10,0,0.88,1.00000,1
GO:0004315,3-oxoacyl-[acyl-carrier-protein] synthas...,9,0,0.79,1.00000,1
GO:0004326,tetrahydrofolylpolyglutamate synthase ac...,8,0,0.71,1.00000,1
GO:0004332,fructose-bisphosphate aldolase activity,12,0,1.06,1.00000,1
GO:0004338,glucan exo-1,3-beta-glucosidase activity,5,0,0.44,1.00000,1
GO:0004351,glutamate decarboxylase activity,13,0,1.15,1.00000,1
GO:0004365,glyceraldehyde-3-phosphate dehydrogenase...,7,0,0.62,1.00000,1
GO:0004372,glycine hydroxymethyltransferase activit...,14,0,1.24,1.00000,1
GO:0004375,glycine dehydrogenase (decarboxylating) ...,11,0,0.97,1.00000,1
GO:0004392,heme oxygenase (decyclizing) activity,10,0,0.88,1.00000,1
GO:0004412,homoserine dehydrogenase activity,7,0,0.62,1.00000,1
GO:0004430,1-phosphatidylinositol 4-kinase activity,6,0,0.53,1.00000,1
GO:0004435,phosphatidylinositol phospholipase C act...,13,0,1.15,1.00000,1
GO:0004452,isopentenyl-diphosphate delta-isomerase ...,5,0,0.44,1.00000,1
GO:0004462,lactoylglutathione lyase activity,9,0,0.79,1.00000,1
GO:0004470,malic enzyme activity,9,0,0.79,1.00000,1
GO:0004471,malate dehydrogenase (decarboxylating) (...,5,0,0.44,1.00000,1
GO:0004500,dopamine beta-monooxygenase activity,5,0,0.44,1.00000,1
GO:0004506,squalene monooxygenase activity,12,0,1.06,1.00000,1
GO:0004512,inositol-3-phosphate synthase activity,5,0,0.44,1.00000,1
GO:0004534,5'-3' exoribonuclease activity,8,0,0.71,1.00000,1
GO:0004556,alpha-amylase activity,11,0,0.97,1.00000,1
GO:0004557,alpha-galactosidase activity,5,0,0.44,1.00000,1
GO:0004564,beta-fructofuranosidase activity,22,0,1.94,1.00000,1
GO:0004575,sucrose alpha-glucosidase activity,8,0,0.71,1.00000,1
GO:0004607,phosphatidylcholine-sterol O-acyltransfe...,8,0,0.71,1.00000,1
GO:0004611,phosphoenolpyruvate carboxykinase activi...,26,0,2.3,1.00000,1
GO:0004612,phosphoenolpyruvate carboxykinase (ATP) ...,5,0,0.44,1.00000,1
GO:0004614,phosphoglucomutase activity,5,0,0.44,1.00000,1
GO:0004623,phospholipase A2 activity,7,0,0.62,1.00000,1
GO:0004634,phosphopyruvate hydratase activity,7,0,0.62,1.00000,1
GO:0004637,phosphoribosylamine-glycine ligase activ...,5,0,0.44,1.00000,1
GO:0004643,phosphoribosylaminoimidazolecarboxamide ...,5,0,0.44,1.00000,1
GO:0004656,procollagen-proline 4-dioxygenase activi...,6,0,0.53,1.00000,1
GO:0004679,AMP-activated protein kinase activity,5,0,0.44,1.00000,1
GO:0004725,protein tyrosine phosphatase activity,27,0,2.38,1.00000,1
GO:0004735,pyrroline-5-carboxylate reductase activi...,6,0,0.53,1.00000,1
GO:0004742,dihydrolipoyllysine-residue acetyltransf...,8,0,0.71,1.00000,1
GO:0004765,shikimate kinase activity,9,0,0.79,1.00000,1
GO:0004766,spermidine synthase activity,9,0,0.79,1.00000,1
GO:0004774,succinate-CoA ligase activity,7,0,0.62,1.00000,1
GO:0004776,succinate-CoA ligase (GDP-forming) activ...,7,0,0.62,1.00000,1
GO:0004779,sulfate adenylyltransferase activity,8,0,0.71,1.00000,1
GO:0004781,sulfate adenylyltransferase (ATP) activi...,6,0,0.53,1.00000,1
GO:0004793,threonine aldolase activity,5,0,0.44,1.00000,1
GO:0004802,transketolase activity,9,0,0.79,1.00000,1
GO:0004805,trehalose-phosphatase activity,24,0,2.12,1.00000,1
GO:0004813,alanine-tRNA ligase activity,8,0,0.71,1.00000,1
GO:0004817,cysteine-tRNA ligase activity,7,0,0.62,1.00000,1
GO:0004818,glutamate-tRNA ligase activity,5,0,0.44,1.00000,1
GO:0004820,glycine-tRNA ligase activity,5,0,0.44,1.00000,1
GO:0004822,isoleucine-tRNA ligase activity,6,0,0.53,1.00000,1
GO:0004823,leucine-tRNA ligase activity,6,0,0.53,1.00000,1
GO:0004825,methionine-tRNA ligase activity,8,0,0.71,1.00000,1
GO:0004827,proline-tRNA ligase activity,6,0,0.53,1.00000,1
GO:0004828,serine-tRNA ligase activity,5,0,0.44,1.00000,1
GO:0004830,tryptophan-tRNA ligase activity,8,0,0.71,1.00000,1
GO:0004832,valine-tRNA ligase activity,6,0,0.53,1.00000,1
GO:0004837,tyrosine decarboxylase activity,6,0,0.53,1.00000,1
GO:0004843,thiol-dependent ubiquitin-specific prote...,44,0,3.89,1.00000,1
GO:0004845,uracil phosphoribosyltransferase activit...,10,0,0.88,1.00000,1
GO:0004853,uroporphyrinogen decarboxylase activity,5,0,0.44,1.00000,1
GO:0004930,G-protein coupled receptor activity,10,0,0.88,1.00000,1
GO:0005092,GDP-dissociation inhibitor activity,14,0,1.24,1.00000,1
GO:0005093,Rab GDP-dissociation inhibitor activity,7,0,0.62,1.00000,1
GO:0005094,Rho GDP-dissociation inhibitor activity,7,0,0.62,1.00000,1
GO:0005275,amine transmembrane transporter activity,12,0,1.06,1.00000,1
GO:0005338,nucleotide-sugar transmembrane transport...,26,0,2.3,1.00000,1
GO:0005354,galactose transmembrane transporter acti...,8,0,0.71,1.00000,1
GO:0005355,glucose transmembrane transporter activi...,10,0,0.88,1.00000,1
GO:0005365,myo-inositol transmembrane transporter a...,8,0,0.71,1.00000,1
GO:0005366,myo-inositol:proton symporter activity,6,0,0.53,1.00000,1
GO:0005375,copper ion transmembrane transporter act...,29,0,2.56,1.00000,1
GO:0005381,iron ion transmembrane transporter activ...,22,0,1.94,1.00000,1
GO:0005385,zinc ion transmembrane transporter activ...,28,0,2.47,1.00000,1
GO:0005432,calcium:sodium antiporter activity,8,0,0.71,1.00000,1
GO:0005471,ATP:ADP antiporter activity,17,0,1.5,1.00000,1
GO:0005546,phosphatidylinositol-4,5-bisphosphate bi...,9,0,0.79,1.00000,1
GO:0008020,G-protein coupled photoreceptor activity,8,0,0.71,1.00000,1
GO:0008028,monocarboxylic acid transmembrane transp...,11,0,0.97,1.00000,1
GO:0008061,chitin binding,28,0,2.47,1.00000,1
GO:0008138,protein tyrosine/serine/threonine phosph...,25,0,2.21,1.00000,1
GO:0008158,hedgehog receptor activity,6,0,0.53,1.00000,1
GO:0008175,tRNA methyltransferase activity,9,0,0.79,1.00000,1
GO:0008186,RNA-dependent ATPase activity,11,0,0.97,1.00000,1
GO:0008192,RNA guanylyltransferase activity,6,0,0.53,1.00000,1
GO:0008199,ferric iron binding,5,0,0.44,1.00000,1
GO:0008242,omega peptidase activity,5,0,0.44,1.00000,1
GO:0008318,protein prenyltransferase activity,8,0,0.71,1.00000,1
GO:0008395,steroid hydroxylase activity,5,0,0.44,1.00000,1
GO:0008398,sterol 14-demethylase activity,7,0,0.62,1.00000,1
GO:0008409,5'-3' exonuclease activity,14,0,1.24,1.00000,1
GO:0008429,phosphatidylethanolamine binding,10,0,0.88,1.00000,1
GO:0008444,CDP-diacylglycerol-glycerol-3-phosphate ...,5,0,0.44,1.00000,1
GO:0008466,glycogenin glucosyltransferase activity,12,0,1.06,1.00000,1
GO:0008474,palmitoyl-(protein) hydrolase activity,7,0,0.62,1.00000,1
GO:0008508,bile acid:sodium symporter activity,11,0,0.97,1.00000,1
GO:0008519,ammonium transmembrane transporter activ...,15,0,1.32,1.00000,1
GO:0008559,xenobiotic-transporting ATPase activity,5,0,0.44,1.00000,1
GO:0008601,protein phosphatase type 2A regulator ac...,37,0,3.27,1.00000,1
GO:0008649,rRNA methyltransferase activity,5,0,0.44,1.00000,1
GO:0008725,DNA-3-methyladenine glycosylase activity,10,0,0.88,1.00000,1
GO:0008792,arginine decarboxylase activity,6,0,0.53,1.00000,1
GO:0008794,arsenate reductase (glutaredoxin) activi...,24,0,2.12,1.00000,1
GO:0008809,carnitine racemase activity,5,0,0.44,1.00000,1
GO:0008810,cellulase activity,11,0,0.97,1.00000,1
GO:0008831,dTDP-4-dehydrorhamnose reductase activit...,11,0,0.97,1.00000,1
GO:0008878,glucose-1-phosphate adenylyltransferase ...,9,0,0.79,1.00000,1
GO:0008934,inositol monophosphate 1-phosphatase act...,6,0,0.53,1.00000,1
GO:0008963,phospho-N-acetylmuramoyl-pentapeptide-tr...,5,0,0.44,1.00000,1
GO:0008964,phosphoenolpyruvate carboxylase activity,21,0,1.85,1.00000,1
GO:0009011,starch synthase activity,7,0,0.62,1.00000,1
GO:0009672,auxin:proton symporter activity,22,0,1.94,1.00000,1
GO:0009824,AMP dimethylallyltransferase activity,9,0,0.79,1.00000,1
GO:0009881,photoreceptor activity,16,0,1.41,1.00000,1
GO:0009882,blue light photoreceptor activity,8,0,0.71,1.00000,1
GO:0009883,red or far-red light photoreceptor activ...,7,0,0.62,1.00000,1
GO:0009977,proton motive force dependent protein tr...,7,0,0.62,1.00000,1
GO:0010177,2-(2'-methylthio)ethylmalate synthase ac...,12,0,1.06,1.00000,1
GO:0010180,thioglucosidase binding,5,0,0.44,1.00000,1
GO:0010279,indole-3-acetic acid amido synthetase ac...,10,0,0.88,1.00000,1
GO:0010280,UDP-L-rhamnose synthase activity,7,0,0.62,1.00000,1
GO:0010291,carotene beta-ring hydroxylase activity,5,0,0.44,1.00000,1
GO:0010328,auxin influx transmembrane transporter a...,5,0,0.44,1.00000,1
GO:0010334,sesquiterpene synthase activity,12,0,1.06,1.00000,1
GO:0010340,carboxyl-O-methyltransferase activity,9,0,0.79,1.00000,1
GO:0010436,carotenoid dioxygenase activity,12,0,1.06,1.00000,1
GO:0010489,UDP-4-keto-6-deoxy-glucose-3,5-epimerase...,5,0,0.44,1.00000,1
GO:0010490,UDP-4-keto-rhamnose-4-keto-reductase act...,5,0,0.44,1.00000,1
GO:0015088,copper uptake transmembrane transporter ...,9,0,0.79,1.00000,1
GO:0015089,high-affinity copper ion transmembrane t...,5,0,0.44,1.00000,1
GO:0015105,arsenite transmembrane transporter activ...,5,0,0.44,1.00000,1
GO:0015119,hexose phosphate transmembrane transport...,6,0,0.53,1.00000,1
GO:0015125,bile acid transmembrane transporter acti...,11,0,0.97,1.00000,1
GO:0015137,citrate transmembrane transporter activi...,6,0,0.53,1.00000,1
GO:0015149,hexose transmembrane transporter activit...,16,0,1.41,1.00000,1
GO:0015152,glucose-6-phosphate transmembrane transp...,6,0,0.53,1.00000,1
GO:0015166,polyol transmembrane transporter activit...,13,0,1.15,1.00000,1
GO:0015175,neutral amino acid transmembrane transpo...,22,0,1.94,1.00000,1
GO:0015193,L-proline transmembrane transporter acti...,7,0,0.62,1.00000,1
GO:0015200,methylammonium transmembrane transporter...,5,0,0.44,1.00000,1
GO:0015334,high-affinity oligopeptide transporter a...,5,0,0.44,1.00000,1
GO:0015368,calcium:cation antiporter activity,16,0,1.41,1.00000,1
GO:0015369,calcium:proton antiporter activity,7,0,0.62,1.00000,1
GO:0015377,cation:chloride symporter activity,5,0,0.44,1.00000,1
GO:0015563,uptake transmembrane transporter activit...,6,0,0.53,1.00000,1
GO:0015603,iron chelate transmembrane transporter a...,5,0,0.44,1.00000,1
GO:0015665,alcohol transmembrane transporter activi...,13,0,1.15,1.00000,1
GO:0016151,nickel cation binding,5,0,0.44,1.00000,1
GO:0016174,NAD(P)H oxidase activity,8,0,0.71,1.00000,1
GO:0016208,AMP binding,9,0,0.79,1.00000,1
GO:0016297,acyl-[acyl-carrier-protein] hydrolase ac...,6,0,0.53,1.00000,1
GO:0016307,phosphatidylinositol phosphate kinase ac...,28,0,2.47,1.00000,1
GO:0016308,1-phosphatidylinositol-4-phosphate 5-kin...,25,0,2.21,1.00000,1
GO:0016418,S-acetyltransferase activity,8,0,0.71,1.00000,1
GO:0016423,tRNA (guanine) methyltransferase activit...,6,0,0.53,1.00000,1
GO:0016621,cinnamoyl-CoA reductase activity,12,0,1.06,1.00000,1
GO:0016623,oxidoreductase activity, acting on the a...,11,0,0.97,1.00000,1
GO:0016630,protochlorophyllide reductase activity,6,0,0.53,1.00000,1
GO:0016642,oxidoreductase activity, acting on the C...,11,0,0.97,1.00000,1
GO:0016652,oxidoreductase activity, acting on NAD(P...,9,0,0.79,1.00000,1
GO:0016653,oxidoreductase activity, acting on NAD(P...,14,0,1.24,1.00000,1
GO:0016656,monodehydroascorbate reductase (NADH) ac...,5,0,0.44,1.00000,1
GO:0016661,oxidoreductase activity, acting on other...,6,0,0.53,1.00000,1
GO:0016672,oxidoreductase activity, acting on a sul...,5,0,0.44,1.00000,1
GO:0016688,L-ascorbate peroxidase activity,11,0,0.97,1.00000,1
GO:0016703,oxidoreductase activity, acting on singl...,5,0,0.44,1.00000,1
GO:0016713,oxidoreductase activity, acting on paire...,20,0,1.77,1.00000,1
GO:0016715,oxidoreductase activity, acting on paire...,5,0,0.44,1.00000,1
GO:0016722,oxidoreductase activity, oxidizing metal...,13,0,1.15,1.00000,1
GO:0016723,oxidoreductase activity, oxidizing metal...,13,0,1.15,1.00000,1
GO:0016768,spermine synthase activity,5,0,0.44,1.00000,1
GO:0016803,ether hydrolase activity,10,0,0.88,1.00000,1
GO:0016805,dipeptidase activity,5,0,0.44,1.00000,1
GO:0016813,hydrolase activity, acting on carbon-nit...,10,0,0.88,1.00000,1
GO:0016815,hydrolase activity, acting on carbon-nit...,6,0,0.53,1.00000,1
GO:0016819,hydrolase activity, acting on acid anhyd...,7,0,0.62,1.00000,1
GO:0016832,aldehyde-lyase activity,34,0,3,1.00000,1
GO:0016846,carbon-sulfur lyase activity,54,0,4.77,1.00000,1
GO:0016847,1-aminocyclopropane-1-carboxylate syntha...,26,0,2.3,1.00000,1
GO:0016849,phosphorus-oxygen lyase activity,7,0,0.62,1.00000,1
GO:0016851,magnesium chelatase activity,5,0,0.44,1.00000,1
GO:0016856,racemase and epimerase activity, acting ...,5,0,0.44,1.00000,1
GO:0016882,cyclo-ligase activity,5,0,0.44,1.00000,1
GO:0016886,ligase activity, forming phosphoric este...,8,0,0.71,1.00000,1
GO:0016929,SUMO-specific protease activity,6,0,0.53,1.00000,1
GO:0017050,D-erythro-sphingosine kinase activity,6,0,0.53,1.00000,1
GO:0017057,6-phosphogluconolactonase activity,7,0,0.62,1.00000,1
GO:0017077,oxidative phosphorylation uncoupler acti...,6,0,0.53,1.00000,1
GO:0017089,glycolipid transporter activity,11,0,0.97,1.00000,1
GO:0017110,nucleoside-diphosphatase activity,8,0,0.71,1.00000,1
GO:0017150,tRNA dihydrouridine synthase activity,8,0,0.71,1.00000,1
GO:0017169,CDP-alcohol phosphatidyltransferase acti...,14,0,1.24,1.00000,1
GO:0017176,phosphatidylinositol N-acetylglucosaminy...,5,0,0.44,1.00000,1
GO:0018488,aryl-aldehyde oxidase activity,9,0,0.79,1.00000,1
GO:0018685,alkane 1-monooxygenase activity,9,0,0.79,1.00000,1
GO:0018822,nitrile hydratase activity,5,0,0.44,1.00000,1
GO:0019003,GDP binding,5,0,0.44,1.00000,1
GO:0019137,thioglucosidase activity,17,0,1.5,1.00000,1
GO:0019139,cytokinin dehydrogenase activity,10,0,0.88,1.00000,1
GO:0019156,isoamylase activity,7,0,0.62,1.00000,1
GO:0019187,beta-1,4-mannosyltransferase activity,10,0,0.88,1.00000,1
GO:0019209,kinase activator activity,6,0,0.53,1.00000,1
GO:0019776,Atg8 ligase activity,7,0,0.62,1.00000,1
GO:0019779,Atg8 activating enzyme activity,8,0,0.71,1.00000,1
GO:0019783,ubiquitin-like protein-specific protease...,59,0,5.21,1.00000,1
GO:0019786,Atg8-specific protease activity,7,0,0.62,1.00000,1
GO:0019789,SUMO transferase activity,9,0,0.79,1.00000,1
GO:0019798,procollagen-proline dioxygenase activity,6,0,0.53,1.00000,1
GO:0019901,protein kinase binding,38,0,3.36,1.00000,1
GO:0019948,SUMO activating enzyme activity,6,0,0.53,1.00000,1
GO:0019992,diacylglycerol binding,5,0,0.44,1.00000,1
GO:0030295,protein kinase activator activity,5,0,0.44,1.00000,1
GO:0030523,dihydrolipoamide S-acyltransferase activ...,10,0,0.88,1.00000,1
GO:0030611,arsenate reductase activity,25,0,2.21,1.00000,1
GO:0030613,oxidoreductase activity, acting on phosp...,24,0,2.12,1.00000,1
GO:0030614,oxidoreductase activity, acting on phosp...,24,0,2.12,1.00000,1
GO:0030695,GTPase regulator activity,17,0,1.5,1.00000,1
GO:0030983,mismatched DNA binding,19,0,1.68,1.00000,1
GO:0031176,endo-1,4-beta-xylanase activity,5,0,0.44,1.00000,1
GO:0031177,phosphopantetheine binding,5,0,0.44,1.00000,1
GO:0031386,protein tag,9,0,0.79,1.00000,1
GO:0031543,peptidyl-proline dioxygenase activity,6,0,0.53,1.00000,1
GO:0031545,peptidyl-proline 4-dioxygenase activity,6,0,0.53,1.00000,1
GO:0032451,demethylase activity,9,0,0.79,1.00000,1
GO:0033170,protein-DNA loading ATPase activity,9,0,0.79,1.00000,1
GO:0033549,MAP kinase phosphatase activity,5,0,0.44,1.00000,1
GO:0033765,steroid dehydrogenase activity, acting o...,9,0,0.79,1.00000,1
GO:0033897,ribonuclease T2 activity,5,0,0.44,1.00000,1
GO:0034256,chlorophyll(ide) b reductase activity,6,0,0.53,1.00000,1
GO:0035064,methylated histone binding,27,0,2.38,1.00000,1
GO:0035198,miRNA binding,7,0,0.62,1.00000,1
GO:0035250,UDP-galactosyltransferase activity,7,0,0.62,1.00000,1
GO:0035252,UDP-xylosyltransferase activity,7,0,0.62,1.00000,1
GO:0036459,thiol-dependent ubiquitinyl hydrolase ac...,44,0,3.89,1.00000,1
GO:0042171,lysophosphatidic acid acyltransferase ac...,18,0,1.59,1.00000,1
GO:0042299,lupeol synthase activity,8,0,0.71,1.00000,1
GO:0042409,caffeoyl-CoA O-methyltransferase activit...,5,0,0.44,1.00000,1
GO:0042910,xenobiotic transporter activity,5,0,0.44,1.00000,1
GO:0042936,dipeptide transporter activity,13,0,1.15,1.00000,1
GO:0042937,tripeptide transporter activity,12,0,1.06,1.00000,1
GO:0043047,single-stranded telomeric DNA binding,7,0,0.62,1.00000,1
GO:0043138,3'-5' DNA helicase activity,7,0,0.62,1.00000,1
GO:0043140,ATP-dependent 3'-5' DNA helicase activit...,7,0,0.62,1.00000,1
GO:0043733,DNA-3-methylbase glycosylase activity,10,0,0.88,1.00000,1
GO:0043891,glyceraldehyde-3-phosphate dehydrogenase...,7,0,0.62,1.00000,1
GO:0045157,electron transporter, transferring elect...,5,0,0.44,1.00000,1
GO:0045174,glutathione dehydrogenase (ascorbate) ac...,5,0,0.44,1.00000,1
GO:0045485,omega-6 fatty acid desaturase activity,5,0,0.44,1.00000,1
GO:0045544,gibberellin 20-oxidase activity,12,0,1.06,1.00000,1
GO:0045547,dehydrodolichyl diphosphate synthase act...,10,0,0.88,1.00000,1
GO:0045548,phenylalanine ammonia-lyase activity,6,0,0.53,1.00000,1
GO:0045549,9-cis-epoxycarotenoid dioxygenase activi...,12,0,1.06,1.00000,1
GO:0046554,malate dehydrogenase (NADP+) activity,8,0,0.71,1.00000,1
GO:0046715,borate transmembrane transporter activit...,11,0,0.97,1.00000,1
GO:0046863,ribulose-1,5-bisphosphate carboxylase/ox...,5,0,0.44,1.00000,1
GO:0046870,cadmium ion binding,5,0,0.44,1.00000,1
GO:0047209,coniferyl-alcohol glucosyltransferase ac...,5,0,0.44,1.00000,1
GO:0047325,inositol tetrakisphosphate 1-kinase acti...,8,0,0.71,1.00000,1
GO:0047334,diphosphate-fructose-6-phosphate 1-phosp...,12,0,1.06,1.00000,1
GO:0047627,adenylylsulfatase activity,7,0,0.62,1.00000,1
GO:0047631,ADP-ribose diphosphatase activity,8,0,0.71,1.00000,1
GO:0050062,long-chain-fatty-acyl-CoA reductase acti...,7,0,0.62,1.00000,1
GO:0050113,inositol oxygenase activity,5,0,0.44,1.00000,1
GO:0050302,indole-3-acetaldehyde oxidase activity,8,0,0.71,1.00000,1
GO:0050403,trans-zeatin O-beta-D-glucosyltransferas...,11,0,0.97,1.00000,1
GO:0050502,cis-zeatin O-beta-D-glucosyltransferase ...,11,0,0.97,1.00000,1
GO:0050567,glutaminyl-tRNA synthase (glutamine-hydr...,5,0,0.44,1.00000,1
GO:0050664,oxidoreductase activity, acting on NAD(P...,18,0,1.59,1.00000,1
GO:0050734,hydroxycinnamoyltransferase activity,7,0,0.62,1.00000,1
GO:0051002,ligase activity, forming nitrogen-metal ...,5,0,0.44,1.00000,1
GO:0051003,ligase activity, forming nitrogen-metal ...,5,0,0.44,1.00000,1
GO:0051015,actin filament binding,8,0,0.71,1.00000,1
GO:0051139,metal ion:proton antiporter activity,9,0,0.79,1.00000,1
GO:0051184,cofactor transporter activity,12,0,1.06,1.00000,1
GO:0051753,mannan synthase activity,10,0,0.88,1.00000,1
GO:0051765,inositol tetrakisphosphate kinase activi...,9,0,0.79,1.00000,1
GO:0051766,inositol trisphosphate kinase activity,10,0,0.88,1.00000,1
GO:0051861,glycolipid binding,11,0,0.97,1.00000,1
GO:0051920,peroxiredoxin activity,6,0,0.53,1.00000,1
GO:0051980,iron-nicotianamine transmembrane transpo...,5,0,0.44,1.00000,1
GO:0051998,protein carboxyl O-methyltransferase act...,5,0,0.44,1.00000,1
GO:0052725,inositol-1,3,4-trisphosphate 6-kinase ac...,7,0,0.62,1.00000,1
GO:0052726,inositol-1,3,4-trisphosphate 5-kinase ac...,7,0,0.62,1.00000,1
GO:0052834,inositol monophosphate phosphatase activ...,6,0,0.53,1.00000,1
GO:0070402,NADPH binding,5,0,0.44,1.00000,1
GO:0070628,proteasome binding,15,0,1.32,1.00000,1
GO:0071617,lysophospholipid acyltransferase activit...,18,0,1.59,1.00000,1
GO:0080002,UDP-glucose:4-aminobenzoate acylglucosyl...,9,0,0.79,1.00000,1
GO:0080016,(-)-E-beta-caryophyllene synthase activi...,8,0,0.71,1.00000,1
GO:0080017,alpha-humulene synthase activity,8,0,0.71,1.00000,1
GO:0080019,fatty-acyl-CoA reductase (alcohol-formin...,12,0,1.06,1.00000,1
GO:0080061,indole-3-acetonitrile nitrilase activity,5,0,0.44,1.00000,1
GO:0080118,brassinosteroid sulfotransferase activit...,7,0,0.62,1.00000,1
GO:0080122,AMP transmembrane transporter activity,5,0,0.44,1.00000,1
GO:0080133,midchain alkane hydroxylase activity,11,0,0.97,1.00000,1
GO:0080139,borate efflux transmembrane transporter ...,8,0,0.71,1.00000,1
GO:0090353,polygalacturonase inhibitor activity,7,0,0.62,1.00000,1
GO:0090599,alpha-glucosidase activity,12,0,1.06,1.00000,1
GO:0098599,palmitoyl hydrolase activity,7,0,0.62,1.00000,1
GO:0098847,sequence-specific single stranded DNA bi...,7,0,0.62,1.00000,1
GO:0101005,ubiquitinyl hydrolase activity,44,0,3.89,1.00000,1
GO:1901981,phosphatidylinositol phosphate binding,13,0,1.15,1.00000,1
GO:1902936,phosphatidylinositol bisphosphate bindin...,9,0,0.79,1.00000,1
GO:1990837,sequence-specific double-stranded DNA bi...,12,0,1.06,1.00000,1
